ID|Teks_Gabungan|Label_Sentimen|Tanggal|Link
1|Dorong Keberlanjutan, Kualitas Tambang Vale Ikuti Standar Global|||https://www.cnbcindonesia.com/market/20260523133141-17-737373/dorong-keberlanjutan-kualitas-tambang-vale-ikuti-standar-global
2|Purbaya Suruh Cepat Buang Dolar, Sebenarnya Kenapa Rupiah Melemah?|||https://www.cnbcindonesia.com/market/20260523121924-17-737351/purbaya-suruh-cepat-buang-dolar-sebenarnya-kenapa-rupiah-melemah
3|Wow! Transaksi Livin' Mandiri Bisa Tembus 13 Juta Sehari|||https://www.cnbcindonesia.com/market/20260523130202-17-737368/wow-transaksi-livin-mandiri-bisa-tembus-13-juta-sehari
4|Bidik Segmen UMKM Tumbuh Berkelanjutan, BSI Pakai Jurus Ini|||https://www.cnbcindonesia.com/market/20260523130306-17-737366/bidik-segmen-umkm-tumbuh-berkelanjutan-bsi-pakai-jurus-ini
5|Transaksi Digital Melonjak, tapi Ternyata Warga RI Masih Suka Cash|||https://www.cnbcindonesia.com/market/20260523125112-17-737363/transaksi-digital-melonjak-tapi-ternyata-warga-ri-masih-suka-cash
6|99,8% Transaksi Sudah Digital, BCA Perkuat Benteng Lawan Cyber Fraud|||https://www.cnbcindonesia.com/market/20260523124417-17-737361/998-transaksi-sudah-digital-bca-perkuat-benteng-lawan-cyber-fraud
7|Buka Tabungan BRI di Jogja Financial Festival, Berhadiah Stanley!|||https://www.cnbcindonesia.com/market/20260523114807-17-737345/buka-tabungan-bri-di-jogja-financial-festival-berhadiah-stanley
8|Tokoh-Tokoh Keuangan Bertukar Pandangan di Jogja Financial Festival|||https://www.cnbcindonesia.com/market/20260523112633-17-737340/tokoh-tokoh-keuangan-bertukar-pandangan-di-jogja-financial-festival
9|Bos BRI Bicara Evolusi Perbankan, Singgung Digitalisasi hingga AI|||https://www.cnbcindonesia.com/market/20260523112533-17-737339/bos-bri-bicara-evolusi-perbankan-singgung-digitalisasi-hingga-ai
10|Mumpung Lagi Murah! Beli Emas Lewat Bank Muamalat-BSI di Jogja FinFest|||https://www.cnbcindonesia.com/market/20260523111348-17-737335/mumpung-lagi-murah-beli-emas-lewat-bank-muamalat-bsi-di-jogja-finfest
11|Mau Investasi Saham? Investor Harus Kuatkan Mental Dulu|||https://www.cnbcindonesia.com/market/20260523112145-17-737337/mau-investasi-saham-investor-harus-kuatkan-mental-dulu
12|BNI Punya 8 Financial Center, Siap Hubungkan Bisnis RI ke Dunia|||https://www.cnbcindonesia.com/market/20260523111608-17-737336/bni-punya-8-financial-center-siap-hubungkan-bisnis-ri-ke-dunia
13|Antam Tebar Promo Menarik di Jogja Financial Festival-Langsung Diserbu|||https://www.cnbcindonesia.com/market/20260523093946-18-737310/antam-tebar-promo-menarik-di-jogja-financial-festival-langsung-diserbu
14|DPR Pastikan Kondisi Ekonomi RI Baik-baik Saja, Ini Buktinya!|||https://www.cnbcindonesia.com/market/20260523105027-17-737330/dpr-pastikan-kondisi-ekonomi-ri-baik-baik-saja-ini-buktinya
15|Ekonomi RI Ibarat Secangkir Kopi, Cerminan Daya Beli Sampai Inflasi|||https://www.cnbcindonesia.com/market/20260523104721-17-737329/ekonomi-ri-ibarat-secangkir-kopi-cerminan-daya-beli-sampai-inflasi
16|Tuyul Muncul di Era Kolonial, Takut Logam-Tak Bisa Curi Uang di Bank?|||https://www.cnbcindonesia.com/market/20260523075020-17-737277/tuyul-muncul-di-era-kolonial-takut-logam-tak-bisa-curi-uang-di-bank
17|Belajar Keuangan Sambil Konseran di Jogja Financial Festival Hari ke-2|||https://www.cnbcindonesia.com/market/20260523092116-17-737296/belajar-keuangan-sambil-konseran-di-jogja-financial-festival-hari-ke-2
18|Ayo ke Jogja Financial Festival Day 2, Antam Jual Emas Harga Segini!|||https://www.cnbcindonesia.com/market/20260523095731-17-737318/ayo-ke-jogja-financial-festival-day-2-antam-jual-emas-harga-segini
19|Potret Antusiasme Pengunjung di Jogja Financial Festival 2026 Day 2|||https://www.cnbcindonesia.com/market/20260523093508-18-737300/potret-antusiasme-pengunjung-di-jogja-financial-festival-2026-day-2
20|Live Now! Sederet Tokoh Penting Kumpul di Jogja Financial Festival|||https://www.cnbcindonesia.com/market/20260523090526-17-737292/live-now-sederet-tokoh-penting-kumpul-di-jogja-financial-festival
21|Bos LPS Ajak Warga Merapat ke JEC Ikut Jogja Financial Festival 2026|||https://www.cnbcindonesia.com/market/20260523093053-17-737299/bos-lps-ajak-warga-merapat-ke-jec-ikut-jogja-financial-festival-2026
22|Ramai-ramai Datang ke Jogja Financial Festival, Ini Ternyata Alasannya|||https://www.cnbcindonesia.com/market/20260523091609-17-737295/ramai-ramai-datang-ke-jogja-financial-festival-ini-ternyata-alasannya
23|Masyarakat Serbu JEC Hadiri Jogja Financial Festival 2026 Hari Kedua|||https://www.cnbcindonesia.com/market/20260523092227-17-737297/masyarakat-serbu-jec-hadiri-jogja-financial-festival-2026-hari-kedua
24|Mejeng di Jogja Financial Festival 2026, Antam Tebar Promo Menarik|||https://www.cnbcindonesia.com/market/20260523091233-17-737294/mejeng-di-jogja-financial-festival-2026-antam-tebar-promo-menarik
25|Jogja Financial Festival Day-2! Ada Diskusi Bankers Hingga Juicy Lucy|||https://www.cnbcindonesia.com/market/20260523085445-17-737291/jogja-financial-festival-day-2-ada-diskusi-bankers-hingga-juicy-lucy
26|GMFI Cetak Laba Rp570 Miliar Sepanjang 2025, Melesat 26,3%|||https://www.cnbcindonesia.com/market/20260523081521-17-737286/gmfi-cetak-laba-rp570-miliar-sepanjang-2025-melesat-263
27|CT & Purbaya Bedah APBN: Setoran Pajak, Utang Sampai Kas Terbongkar|||https://www.cnbcindonesia.com/market/20260522224611-18-737259/ct-purbaya-bedah-apbn-setoran-pajak-utang-sampai-kas-terbongkar
28|OJK Godok Tokenisasi RWA, Hadirkan Kripto 'Halal' di RI|||https://www.cnbcindonesia.com/market/20260522212039-17-737256/ojk-godok-tokenisasi-rwa-hadirkan-kripto-halal-di-ri
29|Jogja Financial Festival Ajak Kenali Aset Digital Hingga Love Scam|||https://www.cnbcindonesia.com/market/20260522204049-17-737249/jogja-financial-festival-ajak-kenali-aset-digital-hingga-love-scam
30|Cari Peluang Karier? Sampoerna Buka Booth di Jogja Financial Festival|||https://www.cnbcindonesia.com/market/20260522203207-17-737247/cari-peluang-karier-sampoerna-buka-booth-di-jogja-financial-festival
31|BI Ungkap Pembatasan Beli Dolar US$ 25.000 Tak Berlaku Selamanya|||https://www.cnbcindonesia.com/market/20260522171714-17-737191/bi-ungkap-pembatasan-beli-dolar-us--25000-tak-berlaku-selamanya
32|Booth LPS di Jogja Financial Festival Hadirkan Edukasi dan Keseruan|||https://www.cnbcindonesia.com/market/20260522183031-18-737229/booth-lps-di-jogja-financial-festival-hadirkan-edukasi-dan-keseruan
33|Uang Masa Depan Warga RI Raib Rp 9,5 T, Bos OJK Ungkap Penyebabnya|||https://www.cnbcindonesia.com/market/20260522155905-17-737138/uang-masa-depan-warga-ri-raib-rp-95-t-bos-ojk-ungkap-penyebabnya
34|BI, OJK, Komdigi & Stafsus Prabowo Kumpul di Jogja, Bahas AI-Kripto|||https://www.cnbcindonesia.com/market/20260522174914-18-737209/bi-ojk-komdigi-stafsus-prabowo-kumpul-di-jogja-bahas-ai-kripto
35|Purbaya Pede IHSG Bisa 8.000, Bakal Lari Kencang Minggu Depan!|||https://www.cnbcindonesia.com/market/20260522191016-17-737238/purbaya-pede-ihsg-bisa-8000-bakal-lari-kencang-minggu-depan
36|Di Jogja Financial Festival Bisa Konsultasi Keuangan di Booth BNI|||https://www.cnbcindonesia.com/market/20260522182046-17-737228/di-jogja-financial-festival-bisa-konsultasi-keuangan-di-booth-bni
37|Bos OJK Minta Anak Muda Lakukan Ini Biar Hidup Gak Berantakan|||https://www.cnbcindonesia.com/market/20260522181718-17-737215/bos-ojk-minta-anak-muda-lakukan-ini-biar-hidup-gak-berantakan
38|Cara Unik BI Edukasi Soal Anti-Scam di Jogja Financial Festival|||https://www.cnbcindonesia.com/market/20260522151043-18-737120/cara-unik-bi-edukasi-soal-anti-scam-di-jogja-financial-festival
39|Kepala Pengawas Aset Digital Bagikan Tips Transaksi Kripto yang Aman|||https://www.cnbcindonesia.com/market/20260522174649-17-737208/kepala-pengawas-aset-digital-bagikan-tips-transaksi-kripto-yang-aman
40|Terjebak YOLO dan FOMO, Bos OJK Sebut Bahaya yang Mengincar Anak Muda|||https://www.cnbcindonesia.com/market/20260522172331-17-737194/terjebak-yolo-dan-fomo-bos-ojk-sebut-bahaya-yang-mengincar-anak-muda
41|Mejeng di Jogja Financial Festival, BMRI Pikat Pelajar Pakai Cara Ini|||https://www.cnbcindonesia.com/market/20260522165812-17-737186/mejeng-di-jogja-financial-festival-bmri-pikat-pelajar-pakai-cara-ini
42|Cerita Seru Pelajar Nemu 'Harta Karun' di Booth Jogja FinFest 2026|||https://www.cnbcindonesia.com/market/20260522155141-17-737140/cerita-seru-pelajar-nemu-harta-karun-di-booth-jogja-finfest-2026
43|OJK Ungkap Mayoritas Investor Kripto RI Berusia di Bawah 20 Tahun|||https://www.cnbcindonesia.com/market/20260522164443-17-737174/ojk-ungkap-mayoritas-investor-kripto-ri-berusia-di-bawah-20-tahun
44|Purbaya Yakin Bunga KPR Tak Naik Meski BI Rate Dikerek ke 5,25%|||https://www.cnbcindonesia.com/market/20260522151420-17-737117/purbaya-yakin-bunga-kpr-tak-naik-meski-bi-rate-dikerek-ke-525
45|Simak! Begini Skema & Tujuan BI Batasi Pembelian Dolar Jadi US$25.000|||https://www.cnbcindonesia.com/market/20260522151603-17-737118/simak-begini-skema-tujuan-bi-batasi-pembelian-dolar-jadi-us-25000
46|Lindungi Masyarakat, OJK Dorong 4 Pilar Kesehatan Keuangan|||https://www.cnbcindonesia.com/market/20260522163807-17-737168/lindungi-masyarakat-ojk-dorong-4-pilar-kesehatan-keuangan
47|Penyebab IHSG Ditutup Naik 1,1% Hari Ini|||https://www.cnbcindonesia.com/market/20260522160828-17-737142/penyebab-ihsg-ditutup-naik-11-hari-ini
48|Ribuan Anak Muda Dilatih Jadi 'Jagoan' Digital Lewat Program Ini|||https://www.cnbcindonesia.com/market/20260522160646-17-737141/ribuan-anak-muda-dilatih-jadi-jagoan-digital-lewat-program-ini
49|BI Beberkan Kondisi Ekonomi Terkini ke Ribuan Pelajar-Mahasiswa|||https://www.cnbcindonesia.com/market/20260522155005-17-737136/bi-beberkan-kondisi-ekonomi-terkini-ke-ribuan-pelajar-mahasiswa
50|Live Now! Jogja Financial Festival Kupas Potensi Investasi Kripto|||https://www.cnbcindonesia.com/market/20260522153204-17-737134/live-now-jogja-financial-festival-kupas-potensi-investasi-kripto
51|Breaking News! IHSG Balik Arah, Naik 1%|||https://www.cnbcindonesia.com/market/20260522155144-17-737137/breaking-news-ihsg-balik-arah-naik-1
52|BSI Ungkap Alasan Ambil Naming Rights Stasiun LRT Dukuh Atas|||https://www.cnbcindonesia.com/market/20260522135754-17-737082/bsi-ungkap-alasan-ambil-naming-rights-stasiun-lrt-dukuh-atas
53|Booth LPS di Jogja Financial Festival Hadirkan Edukasi dan Keseruan|||https://www.cnbcindonesia.com/market/20260522153050-17-737133/booth-lps-di-jogja-financial-festival-hadirkan-edukasi-dan-keseruan
54|Dari Sultan hingga Menkeu Hadir di Jogja Financial Festival 2026|||https://www.cnbcindonesia.com/market/20260522124511-18-737040/dari-sultan-hingga-menkeu-hadir-di-jogja-financial-festival-2026
55|BI Beri Bukti Situasi Rupiah Sekarang Tak Seperti Krisis 98|||https://www.cnbcindonesia.com/market/20260522152328-17-737129/bi-beri-bukti-situasi-rupiah-sekarang-tak-seperti-krisis-98
56|Prabowo Panggil Purbaya hingga Eks Bos BI ke Istana, Ada Apa?|||https://www.cnbcindonesia.com/market/20260522151824-17-737119/prabowo-panggil-purbaya-hingga-eks-bos-bi-ke-istana-ada-apa
57|Bos OJK Ungkap Ada 27 Juta Investor Pasar Modal RI, 54% Adalah Gen Z|||https://www.cnbcindonesia.com/market/20260522143316-17-737107/bos-ojk-ungkap-ada-27-juta-investor-pasar-modal-ri-54-adalah-gen-z
58|Dolar AS Masih Cukup Kuat, Rupiah Ditutup Melemah ke Rp17.690/US$|||https://www.cnbcindonesia.com/market/20260522145515-17-737110/dolar-as-masih-cukup-kuat-rupiah-ditutup-melemah-ke-rp17690-us-
59|Buka Tabungan Emas 100 Gram di BSI, Bisa Dapat Emas Fisik!|||https://www.cnbcindonesia.com/market/20260522145209-17-737112/buka-tabungan-emas-100-gram-di-bsi-bisa-dapat-emas-fisik
60|Cara Sederhana Memahami Alasan Rupiah Melemah|||https://www.cnbcindonesia.com/market/20260522145425-17-737109/cara-sederhana-memahami-alasan-rupiah-melemah
61|Cara Unik BI Edukasi Soal Anti-Scam di Jogja Financial Festival|||https://www.cnbcindonesia.com/market/20260522143239-17-737103/cara-unik-bi-edukasi-soal-anti-scam-di-jogja-financial-festival
62|Serunya Booth LIKE IT di Jogja Financial Festival, Ramai Anak Muda|||https://www.cnbcindonesia.com/market/20260522142037-17-737092/serunya-booth-like-it-di-jogja-financial-festival-ramai-anak-muda
63|Purbaya Pastikan RI Tidak Akan Mengulangi 1998|||https://www.cnbcindonesia.com/market/20260522135722-17-737079/purbaya-pastikan-ri-tidak-akan-mengulangi-1998
64|Dorong Ekonomi Masyarakat, IFG Hadir di Jogja Financial Festival 2026|||https://www.cnbcindonesia.com/market/20260522135841-17-737078/dorong-ekonomi-masyarakat-ifg-hadir-di-jogja-financial-festival-2026
65|Purbaya Bilang 6 Bulan Lagi Orang Susah Berkurang, Ini Sebabnya!|||https://www.cnbcindonesia.com/market/20260522131912-17-737064/purbaya-bilang-6-bulan-lagi-orang-susah-berkurang-ini-sebabnya
66|BSI Pastikan Fundamental Tetap Kuat Meski Saham BRIS Koreksi|||https://www.cnbcindonesia.com/market/20260522134306-17-737073/bsi-pastikan-fundamental-tetap-kuat-meski-saham-bris-koreksi
67|Pelajar Serius Dengar 'Kuliah Purbaya' Bahas IHSG di FinFest 2026|||https://www.cnbcindonesia.com/market/20260522134243-17-737072/pelajar-serius-dengar-kuliah-purbaya-bahas-ihsg-di-finfest-2026
68|Fenomena Ini Jadi Alasan Jogja Financial Festival Digelar|||https://www.cnbcindonesia.com/market/20260522132326-17-737066/fenomena-ini-jadi-alasan-jogja-financial-festival-digelar
69|Jogja Financial Festival: Membangun Budaya Keuangan Baru di Indonesia|||https://www.cnbcindonesia.com/market/20260522131612-17-737054/jogja-financial-festival-membangun-budaya-keuangan-baru-di-indonesia
70|Rektor UGM Tekankan Pentingnya Literasi Keuangan Bagi Anak Muda|||https://www.cnbcindonesia.com/market/20260522131045-17-737051/rektor-ugm-tekankan-pentingnya-literasi-keuangan-bagi-anak-muda
71|Dibilang 'Terlalu Pede' Soal Ekonomi, Purbaya: Ini Calculated Move!|||https://www.cnbcindonesia.com/market/20260522122737-17-737035/dibilang-terlalu-pede-soal-ekonomi-purbaya-ini-calculated-move
72|Bos LPS Ungkap Jurus Hindari Spekulasi Saat Berinvestasi|||https://www.cnbcindonesia.com/market/20260522124708-17-737041/bos-lps-ungkap-jurus-hindari-spekulasi-saat-berinvestasi
73|IHSG Berbalik Menguat di Akhir Sesi 1, Rebound atau Mantul Sesaat?|||https://www.cnbcindonesia.com/market/20260522113705-17-737018/ihsg-berbalik-menguat-di-akhir-sesi-1-rebound-atau-mantul-sesaat
74|Bos LPS: Perkembangan Teknologi Tak Boleh Lebih Cepat Dari Literasi|||https://www.cnbcindonesia.com/market/20260522121711-17-737029/bos-lps-perkembangan-teknologi-tak-boleh-lebih-cepat-dari-literasi
75|BI Catat Transaksi Berjalan Defisit US$ 4 M di Q1, Terburuk Sejak 2019|||https://www.cnbcindonesia.com/market/20260522115300-17-737028/bi-catat-transaksi-berjalan-defisit-us--4-m-di-q1-terburuk-sejak-2019
76|Purbaya Ungkap Strategi Ekonomi Prabowo, Gak Cuma Soal MBG|||https://www.cnbcindonesia.com/market/20260522114925-17-737024/purbaya-ungkap-strategi-ekonomi-prabowo-gak-cuma-soal-mbg
77|Mantap! Jogja Financial Festival 2026 Jadi Ajang Cari Kerja|||https://www.cnbcindonesia.com/market/20260522113934-17-737021/mantap-jogja-financial-festival-2026-jadi-ajang-cari-kerja
78|Di Depan Ribuan Pelajar-Mahasiswa, Purbaya Beri Bukti Ekonomi RI Bagus|||https://www.cnbcindonesia.com/market/20260522113217-17-737017/di-depan-ribuan-pelajar-mahasiswa-purbaya-beri-bukti-ekonomi-ri-bagus
79|Gubernur DIY Sri Sultan Sorot Pinjol, Sebut Fenomena 'Makan Utang'|||https://www.cnbcindonesia.com/market/20260522112842-17-737015/gubernur-diy-sri-sultan-sorot-pinjol-sebut-fenomena-makan-utang
80|Purbaya Curhat Jadi Menkeu Turun Berat Badan 10 Kg dalam 8 Bulan|||https://www.cnbcindonesia.com/market/20260522111730-17-737007/purbaya-curhat-jadi-menkeu-turun-berat-badan-10-kg-dalam-8-bulan
81|Wah! Surat Utang Global Purbaya Diserbu Investor Asing|||https://www.cnbcindonesia.com/market/20260522111401-17-737005/wah-surat-utang-global-purbaya-diserbu-investor-asing
82|Purbaya: Kalau Punya Dolar AS, Jual Sekarang|||https://www.cnbcindonesia.com/market/20260522110850-17-737002/purbaya-kalau-punya-dolar-as-jual-sekarang
83|Alasan Bentuk BUMN Ekspor, Purbaya: Bea Cukai Gampang Bocor|||https://www.cnbcindonesia.com/market/20260522110052-17-736999/alasan-bentuk-bumn-ekspor-purbaya-bea-cukai-gampang-bocor
84|Purbaya: Kita Akan Dorong Rupiah Rp15.000/US$ !|||https://www.cnbcindonesia.com/market/20260522105511-17-736997/purbaya-kita-akan-dorong-rupiah-rp15000-us--
85|Purbaya: Presiden Tahu Banyak Pengusaha Mainin Harga|||https://www.cnbcindonesia.com/market/20260522105248-17-736996/purbaya-presiden-tahu-banyak-pengusaha-mainin-harga
86|Brent Tembus US$104, Pasar Cemas Konflik Timur Tengah Berlarut|||https://www.cnbcindonesia.com/market/20260522100004-17-736972/brent-tembus-us-104-pasar-cemas-konflik-timur-tengah-berlarut
87|Gubernur DIY Sri Sultan Apresiasi Jogja Financial Festival 2026|||https://www.cnbcindonesia.com/market/20260522102351-17-736995/gubernur-diy-sri-sultan-apresiasi-jogja-financial-festival-2026
88|Video: Nasib Bisnis Logistik Batu Bara Saat Perang & RKAB Dipangkas|||https://www.cnbcindonesia.com/market/20260522100929-19-736977/video-nasib-bisnis-logistik-batu-bara-saat-perang-rkab-dipangkas
89|Investor Simak! Bos Danantara Ramal IHSG Bakal Membaik, Kapan?|||https://www.cnbcindonesia.com/market/20260522091345-17-736944/investor-simak-bos-danantara-ramal-ihsg-bakal-membaik-kapan
90|Rektor UGM Puji Jogja Financial Festival 2026, Apresiasi LPS & CT Corp|||https://www.cnbcindonesia.com/market/20260522101517-17-736983/rektor-ugm-puji-jogja-financial-festival-2026-apresiasi-lps-ct-corp
91|Bos LPS: Edukasi Keuangan Tak Boleh Bersifat 'Eksklusif'!|||https://www.cnbcindonesia.com/market/20260522101623-17-736982/bos-lps-edukasi-keuangan-tak-boleh-bersifat-eksklusif
92|Bos LPS: Anak Muda RI Harus Melek Digital dan Matang Finansial|||https://www.cnbcindonesia.com/market/20260522101443-17-736981/bos-lps-anak-muda-ri-harus-melek-digital-dan-matang-finansial
93|BUMN Mau Konsolidasi Besar-Besaran, Nasib Karyawan?|||https://www.cnbcindonesia.com/market/20260522085210-17-736930/bumn-mau-konsolidasi-besar-besaran-nasib-karyawan
94|Ketua LPS: Euforia Investasi Anak Muda Harus Diimbangi Literasi|||https://www.cnbcindonesia.com/market/20260522100513-17-736975/ketua-lps-euforia-investasi-anak-muda-harus-diimbangi-literasi
95|Bos LPS Bicara Soal Paradoks Sektor Keuangan RI, Begini Penjelasannya|||https://www.cnbcindonesia.com/market/20260522100346-17-736974/bos-lps-bicara-soal-paradoks-sektor-keuangan-ri-begini-penjelasannya
96|Antusias Pelajar Ikut Jogja Financial Festival Tinggi, Ini Buktinya|||https://www.cnbcindonesia.com/market/20260522094954-17-736971/antusias-pelajar-ikut-jogja-financial-festival-tinggi-ini-buktinya
97|BEI Minta Insentif Pajak Emiten Diperluas, Free Float 20% Juga Dapat|||https://www.cnbcindonesia.com/market/20260522084426-17-736922/bei-minta-insentif-pajak-emiten-diperluas-free-float-20-juga-dapat
98|Live Now! Bos LPS & Sultan HB X Buka Jogja Financial Festival 2026|||https://www.cnbcindonesia.com/market/20260522085445-17-736939/live-now-bos-lps-sultan-hb-x-buka-jogja-financial-festival-2026
99|Sejak Pagi, Siswa SMA Antusiasi Hadiri Jogja FinFest 2026|||https://www.cnbcindonesia.com/market/20260522093207-17-736953/sejak-pagi-siswa-sma-antusiasi-hadiri-jogja-finfest-2026
100|Purbaya Diserbu Anak Sekolah di Jogja, Ada Apa?|||https://www.cnbcindonesia.com/market/20260522092256-17-736952/purbaya-diserbu-anak-sekolah-di-jogja-ada-apa
101|Video: Rupiah Lanjutkan Pelemahan & IHSG Anjlok di Level 6.000-an|||https://www.cnbcindonesia.com/market/20260522092020-19-736949/video-rupiah-lanjutkan-pelemahan-ihsg-anjlok-di-level-6000-an
102|Breaking News: Dolar Kembali Tembus Rp17.700|||https://www.cnbcindonesia.com/market/20260522091938-17-736948/breaking-news-dolar-kembali-tembus-rp17700
103|Siswa SMA Mau Belajar Ekonomi ke Purbaya-Anggito di FinFest 2026|||https://www.cnbcindonesia.com/market/20260522091717-17-736945/siswa-sma-mau-belajar-ekonomi-ke-purbaya-anggito-di-finfest-2026
104|Jogja Financial Festival Diserbu Anak Muda, Belajar Investasi-Keuangan|||https://www.cnbcindonesia.com/market/20260522085655-17-736943/jogja-financial-festival-diserbu-anak-muda-belajar-investasi-keuangan
105|Potret Warga 'Kota Budaya' Ramai-Ramai Hadiri Jogja FinFest 2026|||https://www.cnbcindonesia.com/market/20260520163512-18-736453/potret-warga-kota-budaya-ramai-ramai-hadiri-jogja-finfest-2026
106|Breaking News! IHSG Dibuka Ambruk 2%|||https://www.cnbcindonesia.com/market/20260522080028-17-736900/breaking-news-ihsg-dibuka-ambruk-2
107|Cek Rekomendasi Saham Hari Ini: Ada INDF, WIIM dan CPIN|||https://www.cnbcindonesia.com/market/20260522081916-17-736906/cek-rekomendasi-saham-hari-ini-ada-indf-wiim-dan-cpin
108|Emiten Happy Hapsoro (RATU) Ambil 20% Hak Partisipasi di Madura Strait|||https://www.cnbcindonesia.com/market/20260522070834-17-736879/emiten-happy-hapsoro--ratu--ambil-20-hak-partisipasi-di-madura-strait
109|Merapat Dab! Anak Muda Banjiri JEC Ikut Meriahkan Jogja FinFest 2026|||https://www.cnbcindonesia.com/market/20260522084312-17-736929/merapat-dab-anak-muda-banjiri-jec-ikut-meriahkan-jogja-finfest-2026
110|Mau Buka Warung Madura? Segini Modal Usaha|||https://www.cnbcindonesia.com/market/20260522083536-17-736910/mau-buka-warung-madura-segini-modal-usaha
111|Alarm Ekonomi Jepang! Inflasi Inti Anjlok, BOJ Bisa Tahan Suku Bunga|||https://www.cnbcindonesia.com/market/20260522074817-17-736889/alarm-ekonomi-jepang-inflasi-inti-anjlok-boj-bisa-tahan-suku-bunga
112|Asia Menguat Jelang Akhir Pekan, Wall Street Cetak Rekor Baru|||https://www.cnbcindonesia.com/market/20260522075125-17-736897/asia-menguat-jelang-akhir-pekan-wall-street-cetak-rekor-baru
113|IHSG Longsor 3,54%, Ini 10 Saham yang Diam-Diam Diborong Asing|||https://www.cnbcindonesia.com/market/20260522064107-17-736874/ihsg-longsor-354-ini-10-saham-yang-diam-diam-diborong-asing
114|IHSG Anjlok Tajam, Analis Khawatir Tekanan Belum Berakhir|||https://www.cnbcindonesia.com/market/20260522065808-17-736877/ihsg-anjlok-tajam-analis-khawatir-tekanan-belum-berakhir
115|Hari ke-8 IHSG Merah, Asing Ramai-Ramai Lepas Saham Ini|||https://www.cnbcindonesia.com/market/20260522063524-17-736873/hari-ke-8-ihsg-merah-asing-ramai-ramai-lepas-saham-ini
116|Meski Jadi Bos INA, Oki & Laksono Masih Masuk Bursa Direksi BEI|||https://www.cnbcindonesia.com/market/20260521173936-17-736800/meski-jadi-bos-ina-oki-laksono-masih-masuk-bursa-direksi-bei
117|Saham Syariah Mendominasi Bursa, BEI Ungkap Datanya|||https://www.cnbcindonesia.com/market/20260521174318-17-736803/saham-syariah-mendominasi-bursa-bei-ungkap-datanya
118|Eks Wakil Ketua KPK Jadi Komisaris Jasa Marga (JSMR)|||https://www.cnbcindonesia.com/market/20260521160247-17-736774/eks-wakil-ketua-kpk-jadi-komisaris-jasa-marga--jsmr-
119|Ada Emiten HSC Datangi Bursa Hari Ini|||https://www.cnbcindonesia.com/market/20260521154522-17-736768/ada-emiten-hsc-datangi-bursa-hari-ini
120|Perputaran Dana US$3,7 M/Bulan, BI Permudah Transaksi Yuan China di RI|||https://www.cnbcindonesia.com/market/20260521175522-17-736805/perputaran-dana-us-37-m-bulan-bi-permudah-transaksi-yuan-china-di-ri
121|Terungkap! Ini Deretan Insentif OJK Buat Himbara Penampung DHE SDA|||https://www.cnbcindonesia.com/market/20260521172933-17-736798/terungkap-ini-deretan-insentif-ojk-buat-himbara-penampung-dhe-sda
122|DHE SDA Wajib di Himbara, BI Berikan Kemudahan Buat Eksportir|||https://www.cnbcindonesia.com/market/20260521172101-17-736796/dhe-sda-wajib-di-himbara-bi-berikan-kemudahan-buat-eksportir
123|OJK Bongkar 2 Investasi Bodong Bermodus Saham dan Drama China|||https://www.cnbcindonesia.com/market/20260521153954-17-736763/ojk-bongkar-2-investasi-bodong-bermodus-saham-dan-drama-china
124|Konsolidasi BUMN: 92 Perusahaan Anak Bakal Dipangkas|||https://www.cnbcindonesia.com/market/20260521140647-17-736698/konsolidasi-bumn-92-perusahaan-anak-bakal-dipangkas
125|IHSG Ditutup Turun 3,54%, Rontok ke Level 6.000-an|||https://www.cnbcindonesia.com/market/20260521155353-17-736772/ihsg-ditutup-turun-354-rontok-ke-level-6000-an
126|Video: Modernisasi Alkes RI, IRRA Hadirkan Teknologi Bedah Canggih|||https://www.cnbcindonesia.com/market/20260521114550-19-736636/video-modernisasi-alkes-ri-irra-hadirkan-teknologi-bedah-canggih
127|IHSG Ambles ke 6.000-an, Bos Bursa Buka Suara|||https://www.cnbcindonesia.com/market/20260521152550-17-736749/ihsg-ambles-ke-6000-an-bos-bursa-buka-suara
128|Bursa Asia Hijau, IHSG Malah Anjlok 3%, Ini Kata OJK|||https://www.cnbcindonesia.com/market/20260521153049-17-736762/bursa-asia-hijau-ihsg-malah-anjlok-3-ini-kata-ojk
129|Video: BUMN Ekspor Disorot, IHSG Anjlok Lebih 3% Ke Level 6.000-an|||https://www.cnbcindonesia.com/market/20260521152523-19-736747/video-bumn-ekspor-disorot-ihsg-anjlok-lebih-3-ke-level-6000-an
130|Warning dari AS, Pasar Obligasi Masuk Zona Bahaya-Investor Waspada|||https://www.cnbcindonesia.com/market/20260521140755-17-736700/warning-dari-as-pasar-obligasi-masuk-zona-bahaya-investor-waspada
131|Rupiah Kembali Ditutup Melemah, Dolar AS Naik ke Rp17.640|||https://www.cnbcindonesia.com/market/20260521143936-17-736713/rupiah-kembali-ditutup-melemah-dolar-as-naik-ke-rp17640
132|BI Rate Naik 50 Bps, Deretan Ekonom Ungkap Efeknya ke Rupiah & Ekonomi|||https://www.cnbcindonesia.com/market/20260521130223-17-736679/bi-rate-naik-50-bps-deretan-ekonom-ungkap-efeknya-ke-rupiah-ekonomi
133|Video: Ada BUMN Ekspor, Rupiah Bisa Menguat & Emiten Bank Diuntungkan?|||https://www.cnbcindonesia.com/market/20260521142459-19-736707/video-ada-bumn-ekspor-rupiah-bisa-menguat-emiten-bank-diuntungkan
134|Video: BI Rate Naik 50 Bps Tapi IHSG Anjlok & Rupiah Lanjut Terkoreksi|||https://www.cnbcindonesia.com/market/20260521141319-19-736701/video-bi-rate-naik-50-bps-tapi-ihsg-anjlok-rupiah-lanjut-terkoreksi
135|OJK: Kredit BPD Tembus Rp656 Triliun per Maret 2026|||https://www.cnbcindonesia.com/market/20260521133504-17-736696/ojk-kredit-bpd-tembus-rp656-triliun-per-maret-2026
136|Breaking News! IHSG Anjlok 3,64%, Balik ke 6.000-an|||https://www.cnbcindonesia.com/market/20260521133519-17-736691/breaking-news-ihsg-anjlok-364-balik-ke-6000-an
137|Prajogo Pangestu Jadi Konglomerat RI Paling Boncos Tahun Ini|||https://www.cnbcindonesia.com/market/20260521123846-17-736665/prajogo-pangestu-jadi-konglomerat-ri-paling-boncos-tahun-ini
138|Moody's Hukum Raksasa Amerika, Peringkat Utang Jatuh ke Level Baa3|||https://www.cnbcindonesia.com/market/20260521132158-17-736689/moodys-hukum-raksasa-amerika-peringkat-utang-jatuh-ke-level-baa3
139|47 Anak Usaha PTPN Mau Dipangkas|||https://www.cnbcindonesia.com/market/20260521114031-17-736631/47-anak-usaha-ptpn-mau-dipangkas
140|IHSG ke Level 6.100-an, Danantara-Purbaya Beri Pesan Ini ke Investor|||https://www.cnbcindonesia.com/market/20260521123626-17-736662/ihsg-ke-level-6100-an-danantara-purbaya-beri-pesan-ini-ke-investor
141|IHSG Merah Sendirian di Asia, Saham Prajogo Babak Belur|||https://www.cnbcindonesia.com/market/20260521122335-17-736655/ihsg-merah-sendirian-di-asia-saham-prajogo-babak-belur
142|Minyak Naik Tipis, Pasar Masih Dibayangi Iran & Selat Hormuz|||https://www.cnbcindonesia.com/market/20260521101508-17-736597/minyak-naik-tipis-pasar-masih-dibayangi-iran-selat-hormuz
143|Saham Prajogo Babak Belur! Duit Rp 1.400 T Lenyap|||https://www.cnbcindonesia.com/market/20260521101309-17-736599/saham-prajogo-babak-belur-duit-rp-1400-t-lenyap
144|Video: Rupiah Melemah-BBM Mahal, Biaya Operasional Pelayaran Melonjak|||https://www.cnbcindonesia.com/market/20260521094845-19-736591/video-rupiah-melemah-bbm-mahal-biaya-operasional-pelayaran-melonjak
145|Segini Gaji Debt Collector RI Setiap Tarik Mobil Nunggak Kredit|||https://www.cnbcindonesia.com/market/20260521100459-17-736594/segini-gaji-debt-collector-ri-setiap-tarik-mobil-nunggak-kredit
146|Video: IHSG Ambruk 2% ke 6.100 hingga Ada BUMN Khusus Ekspor Sawit Cs|||https://www.cnbcindonesia.com/market/20260521102332-19-736601/video-ihsg-ambruk-2-ke-6100-hingga-ada-bumn-khusus-ekspor-sawit-cs
147|Analisis Penyebab IHSG Turun 2% Hari Ini, Sentuh Level 6.100-an|||https://www.cnbcindonesia.com/market/20260521094153-17-736593/analisis-penyebab-ihsg-turun-2-hari-ini-sentuh-level-6100-an
148|Breaking News! IHSG Anjlok 2%|||https://www.cnbcindonesia.com/market/20260521094345-17-736588/breaking-news-ihsg-anjlok-2
149|Anak Usaha Semen Indonesia Group Dipangkas dari 40 Jadi 12|||https://www.cnbcindonesia.com/market/20260521093304-17-736586/anak-usaha-semen-indonesia-group-dipangkas-dari-40-jadi-12
150|BI Rate Naik Jadi 5.25%, Nasib Rupiah Bisa Menguat ke Rp17.300|||https://www.cnbcindonesia.com/market/20260521091746-17-736583/bi-rate-naik-jadi-525-nasib-rupiah-bisa-menguat-ke-rp17300
151|Video: Rupiah Masih Melemah di Rp 17.600 per Dolar AS|||https://www.cnbcindonesia.com/market/20260521092716-19-736584/video-rupiah-masih-melemah-di-rp-17600-per-dolar-as
152|Breaking News! IHSG Anjlok 1,43%|||https://www.cnbcindonesia.com/market/20260521092649-17-736585/breaking-news-ihsg-anjlok-143
153|Danantara Bongkar Masalah BUMN: Impairment Tembus Rp100 Triliun|||https://www.cnbcindonesia.com/market/20260521082328-17-736581/danantara-bongkar-masalah-bumn-impairment-tembus-rp100-triliun
154|Kinerja Bank Maspion Q1 2026: Kredit Ngegas, Laba Ambles 91%|||https://www.cnbcindonesia.com/market/20260520220623-17-736541/kinerja-bank-maspion-q1-2026-kredit-ngegas-laba-ambles-91
155|Rupiah Dibuka Stagnan, Dolar AS Bertahan di Rp17.600|||https://www.cnbcindonesia.com/market/20260521083132-17-736574/rupiah-dibuka-stagnan-dolar-as-bertahan-di-rp17600
156|IHSG Menguat Pagi Ini, Naik 0,6%|||https://www.cnbcindonesia.com/market/20260521085340-17-736580/ihsg-menguat-pagi-ini-naik-06
157|XLSmart Buka-bukaan Soal Dividen dan Depresiasi Nyaris Rp 5 Triliun|||https://www.cnbcindonesia.com/market/20260521080938-17-736568/xlsmart-buka-bukaan-soal-dividen-dan-depresiasi-nyaris-rp-5-triliun
158|Kabar Baik Damai Perang AS-Iran dari Trump, Nikkei-Kospi Tebang|||https://www.cnbcindonesia.com/market/20260521085224-17-736578/kabar-baik-damai-perang-as-iran-dari-trump-nikkei-kospi-tebang
159|Rekomendasi Saham Hari Ini: PTBA, ASII hingga MYOR Layak Dicermati|||https://www.cnbcindonesia.com/market/20260521080920-17-736567/rekomendasi-saham-hari-ini-ptba-asii-hingga-myor-layak-dicermati
160|Dua Buron Kasus Asuransi Masih Diburu Interpol, Ini Profilnya|||https://www.cnbcindonesia.com/market/20260521073236-17-736553/dua-buron-kasus-asuransi-masih-diburu-interpol-ini-profilnya
161|Iran Minta Google-Microsoft Cs Bayar Biaya Lewat Selat Hormuz|||https://www.cnbcindonesia.com/market/20260521081305-17-736569/iran-minta-google-microsoft-cs-bayar-biaya-lewat-selat-hormuz
162|Kecemasan Investor di Konflik Timur Tengah Turun, Bursa Asia Menguat|||https://www.cnbcindonesia.com/market/20260521080210-17-736565/kecemasan-investor-di-konflik-timur-tengah-turun-bursa-asia-menguat
163|Saham Prajogo Masih Jadi Sasaran Jual Asing|||https://www.cnbcindonesia.com/market/20260520213934-17-736540/saham-prajogo-masih-jadi-sasaran-jual-asing
164|SpaceX Mau IPO Rp1.325 T, Elon MuskMau BikinRekor Dunia|||https://www.cnbcindonesia.com/market/20260521065715-17-736546/spacex-mau-ipo-rp1325-t-elon-muskmau-bikinrekor-dunia
165|Saham Ini Jadi Incaran Asing Saat IHSG Sentuh All Time Low Setahun|||https://www.cnbcindonesia.com/market/20260520212939-17-736536/saham-ini-jadi-incaran-asing-saat-ihsg-sentuh-all-time-low-setahun
166|Daftar Sektor Penyumbang Pajak Terbesar ke Purbaya hingga April 2026|||https://www.cnbcindonesia.com/market/20260520214936-17-736539/daftar-sektor-penyumbang-pajak-terbesar-ke-purbaya-hingga-april-2026
167|DHE Wajib Parkir di Bank BUMN, Rupiah Bisa Menguat ke Rp16.800/US$|||https://www.cnbcindonesia.com/market/20260520211316-17-736526/dhe-wajib-parkir-di-bank-bumn-rupiah-bisa-menguat-ke-rp16800-us-
168|Gelar RUPST, Bank Raya (AGRO) Sepakati Hal ini|||https://www.cnbcindonesia.com/market/20260520214903-17-736538/gelar-rupst-bank-raya--agro--sepakati-hal-ini
169|Daftar Sektor Bisnis Ini Masih Butuh Kucuran Kredit dari Bank|||https://www.cnbcindonesia.com/market/20260520162310-17-736435/daftar-sektor-bisnis-ini-masih-butuh-kucuran-kredit-dari-bank
170|BI Beri Transisi 1 Bulan Buat Bank Terapkan Aturan Batasan Beli Dolar|||https://www.cnbcindonesia.com/market/20260520162940-17-736449/bi-beri-transisi-1-bulan-buat-bank-terapkan-aturan-batasan-beli-dolar
171|OJK Terbitkan Aturan Baru, Sekuritas Modal Cekak Dilarang Asal Jualan|||https://www.cnbcindonesia.com/market/20260520155640-17-736421/ojk-terbitkan-aturan-baru-sekuritas-modal-cekak-dilarang-asal-jualan
172|BI Dukung Penerbitan 'Panda & Dim Sum Bond' Purbaya, Ini Alasannya!|||https://www.cnbcindonesia.com/market/20260520165833-17-736469/bi-dukung-penerbitan-panda-dim-sum-bond-purbaya-ini-alasannya
173|IHSG Lanjut Tren Koreksi, Ditutup Melemah 0,82% ke Level 6.318|||https://www.cnbcindonesia.com/market/20260520164757-17-736470/ihsg-lanjut-tren-koreksi-ditutup-melemah-082-ke-level-6318
174|Video: BI Rate Naik 50 Bps - Ekspor Komoditas Wajib Lewat BUMN Khusus|||https://www.cnbcindonesia.com/market/20260520163040-19-736448/video-bi-rate-naik-50-bps--ekspor-komoditas-wajib-lewat-bumn-khusus
175|Perry Warjiyo: Kenaikan BI Rate 50 Bps Sudah Pertimbangkan Ekonomi RI|||https://www.cnbcindonesia.com/market/20260520161121-17-736428/perry-warjiyo-kenaikan-bi-rate-50-bps-sudah-pertimbangkan-ekonomi-ri
176|Bos Telkom (TLKM) Beri Kisi-Kisi Dividen Tahun Ini, Bakal Naik?|||https://www.cnbcindonesia.com/market/20260520153644-17-736417/bos-telkom--tlkm--beri-kisi-kisi-dividen-tahun-ini-bakal-naik
177|Video:OJK Sempurnakan Ketentuan RBC Perkuat Permodalan, Asuransi Siap?|||https://www.cnbcindonesia.com/market/20260520141249-19-736372/videoojk-sempurnakan-ketentuan-rbc-perkuat-permodalan-asuransi-siap
178|BI Target Perluas QRIS Cross Border hingga ke Timor Leste di 2026|||https://www.cnbcindonesia.com/market/20260520152157-17-736418/bi-target-perluas-qris-cross-border-hingga-ke-timor-leste-di-2026
179|Ekspor Batu Bara Harus Lewat BUMN Khusus, Gimana Nasib Eksportir?|||https://www.cnbcindonesia.com/market/20260520152750-17-736407/ekspor-batu-bara-harus-lewat-bumn-khusus-gimana-nasib-eksportir
180|BI Rate Naik Tapi Bank Masih Bisa Jaga Suku Bunga Kredit Rendah|||https://www.cnbcindonesia.com/market/20260520152927-17-736406/bi-rate-naik-tapi-bank-masih-bisa-jaga-suku-bunga-kredit-rendah
181|Jumlah Investor Domestik Tembus 26,7 Juta, Mayoritas Anak Muda|||https://www.cnbcindonesia.com/market/20260520143726-17-736390/jumlah-investor-domestik-tembus-267-juta-mayoritas-anak-muda
182|Rupiah Menguat 0,54% Usai BI Rate Naik, Dolar AS Turun ke Rp17.600|||https://www.cnbcindonesia.com/market/20260520144122-17-736389/rupiah-menguat-054-usai-bi-rate-naik-dolar-as-turun-ke-rp17600
183|Transaksi Digital Masih Tumbuh Tinggi, QRIS Meroket 108% di April|||https://www.cnbcindonesia.com/market/20260520145145-17-736394/transaksi-digital-masih-tumbuh-tinggi-qris-meroket-108-di-april
184|BI: Hasil Stress Test Perbankan RI 'Tetap Kuat' di Mei 2026|||https://www.cnbcindonesia.com/market/20260520143238-17-736388/bi-hasil-stress-test-perbankan-ri-tetap-kuat-di-mei-2026
185|Video: BI Rate Naik 50%, Rupiah Menguat ke Rp 17.600 per USD|||https://www.cnbcindonesia.com/market/20260520144016-19-736386/video-bi-rate-naik-50-rupiah-menguat-ke-rp-17600-per-usd
186|Breaking, IHSG Terkoreksi 0,8% Usai BI Putuskan Kerek Suku Bunga|||https://www.cnbcindonesia.com/market/20260520142501-17-736381/breaking-ihsg-terkoreksi-08-usai-bi-putuskan-kerek-suku-bunga
187|Breaking News: BI Rate Naik, Rupiah Menguat ke Rp17.600/US$|||https://www.cnbcindonesia.com/market/20260520141227-17-736371/breaking-news-bi-rate-naik-rupiah-menguat-ke-rp17600-us-
188|BI Rate Diputuskan Naik 50 Bps Jadi 5,25%, Ini Alasannya!|||https://www.cnbcindonesia.com/market/20260520142920-17-736383/bi-rate-diputuskan-naik-50-bps-jadi-525-ini-alasannya
189|Video: Mengejutkan! BI Naikkan Suku Bunga Acuan 50 Bps Jadi 5,25%|||https://www.cnbcindonesia.com/market/20260520142805-19-736382/video-mengejutkan-bi-naikkan-suku-bunga-acuan-50-bps-jadi-525
190|Breaking News! BI Rate Naik Jadi 5,25% di Mei 2026|||https://www.cnbcindonesia.com/market/20260520142139-17-736380/breaking-news-bi-rate-naik-jadi-525-di-mei-2026
191|BI Gencar Terbitkan SRBI, Kini Rp 921,88 T Demi Selamatkan Rupiah|||https://www.cnbcindonesia.com/market/20260520142134-17-736379/bi-gencar-terbitkan-srbi-kini-rp-92188-t-demi-selamatkan-rupiah
192|Dolar AS Sudah Rp17.600, BI Yakin Rupiah Bakal Segera Menguat!|||https://www.cnbcindonesia.com/market/20260520141940-17-736378/dolar-as-sudah-rp17600-bi-yakin-rupiah-bakal-segera-menguat
193|Bos BI Warning Inflasi RI Bakal Naik, Ini Pemicunya!|||https://www.cnbcindonesia.com/market/20260520141852-17-736376/bos-bi-warning-inflasi-ri-bakal-naik-ini-pemicunya
194|Deretan Tas Mewah Milik Sandra Dewi Dilelang Kejagung, Segini Harganya|||https://www.cnbcindonesia.com/market/20260520131709-18-736336/deretan-tas-mewah-milik-sandra-dewi-dilelang-kejagung-segini-harganya
195|Dunia Amburadul, Aliran Modal Asing Keluar RI US$ 800 Juta|||https://www.cnbcindonesia.com/market/20260520141247-17-736370/dunia-amburadul-aliran-modal-asing-keluar-ri-us--800-juta
196|Bos BI Ungkap Kebijakan Moneter Global 'Ketat', Ini Sebabnya|||https://www.cnbcindonesia.com/market/20260520140913-17-736367/bos-bi-ungkap-kebijakan-moneter-global-ketat-ini-sebabnya
197|Bos BI Ramal Ekonomi Global Cuma Tumbuh 3%, Inflasi Dunia Tembus 4,3%|||https://www.cnbcindonesia.com/market/20260520140736-17-736366/bos-bi-ramal-ekonomi-global-cuma-tumbuh-3-inflasi-dunia-tembus-43
198|Bos BEI Pede IHSG Cerah Usai Pidato Prabowo|||https://www.cnbcindonesia.com/market/20260520134559-17-736359/bos-bei-pede-ihsg-cerah-usai-pidato-prabowo
199|Purbaya: BUMN Ekspor Kabar Positif Buat Pasar Saham, Saatnya Serok|||https://www.cnbcindonesia.com/market/20260520132858-17-736348/purbaya-bumn-ekspor-kabar-positif-buat-pasar-saham-saatnya-serok
200|Video: IHSG & Rupiah Masih Dalam Tekanan, Duit Investor Lari Ke Mana?|||https://www.cnbcindonesia.com/market/20260520124006-19-736307/video-ihsg-rupiah-masih-dalam-tekanan-duit-investor-lari-ke-mana
201|IHSG Masih Bearish, Sesi I Terkoreksi 0,6% ke Level 6.332|||https://www.cnbcindonesia.com/market/20260520121458-17-736310/ihsg-masih-bearish-sesi-i-terkoreksi-06-ke-level-6332
202|Gandeng Syailendra Capital, BRI Perkuat Layanan Wealth Management|||https://www.cnbcindonesia.com/market/20260520124454-17-736309/gandeng-syailendra-capital-bri-perkuat-layanan-wealth-management
203|Gelar RUPS, Pemegang Saham PTPP Sepakati Agenda Ini!|||https://www.cnbcindonesia.com/market/20260520120118-17-736277/gelar-rups-pemegang-saham-ptpp-sepakati-agenda-ini
204|Calon Bos BEI Iding Pardi Optimistis, Usung Penguatan Tata Kelola|||https://www.cnbcindonesia.com/market/20260520120148-17-736280/calon-bos-bei-iding-pardi-optimistis-usung-penguatan-tata-kelola
205|Rakyat Melarat, Raja RI Terkaya Ini Bagi-bagi Uang Rp 20 Miliar|||https://www.cnbcindonesia.com/market/20260520113118-17-736254/rakyat-melarat-raja-ri-terkaya-ini-bagi-bagi-uang-rp-20-miliar
206|Meski Hormuz Masih Membara, Harga Minyak Turun Lagi|||https://www.cnbcindonesia.com/market/20260520093700-17-736174/meski-hormuz-masih-membara-harga-minyak-turun-lagi
207|Breaking! Sempat Naik Tinggi, IHSG Kembali Longsor Nyaris 2%|||https://www.cnbcindonesia.com/market/20260520111129-17-736243/breaking-sempat-naik-tinggi-ihsg-kembali-longsor-nyaris-2
208|Rupiah Terpuruk, Bank Ini Sudah Jual Dolar Rp18.000|||https://www.cnbcindonesia.com/market/20260520100303-17-736198/rupiah-terpuruk-bank-ini-sudah-jual-dolar-rp18000
209|Sharif Cicip & Ilham Habibie Jadi Komisaris VKTR, Ardi Bakrie Dirut|||https://www.cnbcindonesia.com/market/20260520092608-17-736185/sharif-cicip-ilham-habibie-jadi-komisaris-vktr-ardi-bakrie-dirut
210|Harga Turun Tajam, BEI Gembok Saham SHIP|||https://www.cnbcindonesia.com/market/20260520091553-17-736162/harga-turun-tajam-bei-gembok-saham-ship
211|Prabowo Subianto Pidato di DPR, Rupiah Menguat ke Rp17.710/ US$|||https://www.cnbcindonesia.com/market/20260520101803-17-736204/prabowo-subianto-pidato-di-dpr-rupiah-menguat-ke-rp17710--us-
212|Breaking News! Jelang Pidato Prabowo, IHSG Balik Arah dan Melesat 1%|||https://www.cnbcindonesia.com/market/20260520095207-17-736189/breaking-news-jelang-pidato-prabowo-ihsg-balik-arah-dan-melesat-1
213|Manuver Purbaya Borong SBN Rp 2,2 T Demi Rupiah|||https://www.cnbcindonesia.com/market/20260520082715-17-736157/manuver-purbaya-borong-sbn-rp-22-t-demi-rupiah
214|Tensi Geopolitik Timur Tengah Kembali Memanas, Bursa Asia Merah|||https://www.cnbcindonesia.com/market/20260520090639-17-736160/tensi-geopolitik-timur-tengah-kembali-memanas-bursa-asia-merah
215|Breaking! IHSG Dibuka Anjlok 1,35% Jelang Keputusan Suku Bunga BI|||https://www.cnbcindonesia.com/market/20260520084850-17-736151/breaking-ihsg-dibuka-anjlok-135-jelang-keputusan-suku-bunga-bi
216|Breaking News! Jelang Pengumuman BI-Rate, Dolar Tembus Rp17.730|||https://www.cnbcindonesia.com/market/20260520083732-17-736149/breaking-news-jelang-pengumuman-bi-rate-dolar-tembus-rp17730
217|Ada Emiten Prajogo Pangestu & Haji Isam, BEI Pantau Ketat 5 Saham Ini|||https://www.cnbcindonesia.com/market/20260520085214-17-736154/ada-emiten-prajogo-pangestu-haji-isam-bei-pantau-ketat-5-saham-ini
218|IHSG Masih Tertekan, Ini Rekomendasi Saham yang Menarik Buat Dilirik|||https://www.cnbcindonesia.com/market/20260520083751-17-736148/ihsg-masih-tertekan-ini-rekomendasi-saham-yang-menarik-buat-dilirik
219|Dasco Beri Kode Soal Pasar Saham RI: Lihat Setelah 29 Mei!|||https://www.cnbcindonesia.com/market/20260520081314-17-736143/dasco-beri-kode-soal-pasar-saham-ri-lihat-setelah-29-mei
220|Asing Serok Saham-Saham Tambang Saat IHSG Ambruk ke Level Terendah|||https://www.cnbcindonesia.com/market/20260520083128-17-736147/asing-serok-saham-saham-tambang-saat-ihsg-ambruk-ke-level-terendah
221|Purbaya Vs Analisa S&P Soal Utang RI|||https://www.cnbcindonesia.com/market/20260520073954-17-736134/purbaya-vs-analisa-sp-soal-utang-ri
222|Perusahaan Taipan RI Akusisi Tambang Batubara Australia US$3,9 Miliar|||https://www.cnbcindonesia.com/market/20260520080320-17-736141/perusahaan-taipan-ri-akusisi-tambang-batubara-australia-us-39-miliar
223|IHSG Ambruk ke Level Terendah, Asing Kompak Lego 10 Saham Ini|||https://www.cnbcindonesia.com/market/20260520075023-17-736140/ihsg-ambruk-ke-level-terendah-asing-kompak-lego-10-saham-ini
224|Cerita Bursa Raksasa Tetangga RI Mau Kolaps, Diselamatkan Investor Ini|||https://www.cnbcindonesia.com/market/20260520065736-17-736117/cerita-bursa-raksasa-tetangga-ri-mau-kolaps-diselamatkan-investor-ini
225|LPS Siap Jamin Polis Asuransi, Tapi Tak Semua Perusahaan Dapat|||https://www.cnbcindonesia.com/market/20260519160306-17-736008/lps-siap-jamin-polis-asuransi-tapi-tak-semua-perusahaan-dapat
226|RUPST Semen Baturaja (SMBR) Sepakat Angkat Dua Komisaris Baru|||https://www.cnbcindonesia.com/market/20260519174412-17-736042/rupst-semen-baturaja--smbr--sepakat-angkat-dua-komisaris-baru
227|Jurus Purbaya Tunjukkan Hasil, Investor Bawa Dolar AS ke RI|||https://www.cnbcindonesia.com/market/20260519191155-17-736089/jurus-purbaya-tunjukkan-hasil-investor-bawa-dolar-as-ke-ri
228|KUR Bank Mandiri Tembus Rp14,54 Triliun hingga April 2026|||https://www.cnbcindonesia.com/market/20260519171856-17-736036/kur-bank-mandiri-tembus-rp1454-triliun-hingga-april-2026
229|Oki Ramadhana Jadi CEO INA, Ini Susunan Dewan Direktur Terbaru|||https://www.cnbcindonesia.com/market/20260519171748-17-736035/oki-ramadhana-jadi-ceo-ina-ini-susunan-dewan-direktur-terbaru
230|Didorong Emas, Pembiayaan Konsumer Bank Mega Syariah Tumbuh 23%|||https://www.cnbcindonesia.com/market/20260519155851-17-736004/didorong-emas-pembiayaan-konsumer-bank-mega-syariah-tumbuh-23
231|IHSG Jebol ke 6.300! Potret Saham RI Rontok Berjamaah|||https://www.cnbcindonesia.com/market/20260519162951-18-736014/ihsg-jebol-ke-6300-potret-saham-ri-rontok-berjamaah
232|IHSG Ditutup Turun 3,46%, Parkir di Level Terendah Setahun Terakhir|||https://www.cnbcindonesia.com/market/20260519162138-17-736027/ihsg-ditutup-turun-346-parkir-di-level-terendah-setahun-terakhir
233|LPS Targetkan Aset Tahun 2026 Naik Jadi Rp 303,5 Triliun|||https://www.cnbcindonesia.com/market/20260519154111-17-736001/lps-targetkan-aset-tahun-2026-naik-jadi-rp-3035-triliun
234|Belum Rilis Rekap Dividen, Bos Danantara: Sabar, Kita Bersih-bersih|||https://www.cnbcindonesia.com/market/20260519152716-17-735994/belum-rilis-rekap-dividen-bos-danantara-sabar-kita-bersih-bersih
235|Oil Sulit Balik ke US$60, Ashmore Asset Management Tekankan Hal Ini!|||https://www.cnbcindonesia.com/market/20260519153812-17-736000/oil-sulit-balik-ke-us-60-ashmore-asset-management-tekankan-hal-ini
236|Video:INDY Terbitkan Surat Utang, Kembangkan Portofolio Bisnis Tambang|||https://www.cnbcindonesia.com/market/20260519132229-19-735924/videoindy-terbitkan-surat-utang-kembangkan-portofolio-bisnis-tambang
237|LPS Siap Bangun Kantor Sendiri, Dua Tahun Lagi Rampung|||https://www.cnbcindonesia.com/market/20260519144513-17-735983/lps-siap-bangun-kantor-sendiri-dua-tahun-lagi-rampung
238|Rupiah Masih Loyo, Dolar AS Ditutup Naik ke Rp17.695|||https://www.cnbcindonesia.com/market/20260519145331-17-735980/rupiah-masih-loyo-dolar-as-ditutup-naik-ke-rp17695
239|Video: IPO Semester I Masih Sepi, BEI Yakin Target 2026 Tercapai|||https://www.cnbcindonesia.com/market/20260519132245-19-735925/video-ipo-semester-i-masih-sepi-bei-yakin-target-2026-tercapai
240|Video:Oki Ramadhana Resmi Ditunjuk Sebagai Ketua Dewan Direktur INA|||https://www.cnbcindonesia.com/market/20260519125213-19-735922/videooki-ramadhana-resmi-ditunjuk-sebagai-ketua-dewan-direktur-ina
241|Video: Momen Sidak Dasco, Bos OJK & Danantara ke Bursa Efek|||https://www.cnbcindonesia.com/market/20260519132214-19-735923/video-momen-sidak-dasco-bos-ojk-danantara-ke-bursa-efek
242|21 Emiten Big Cap Ambruk 10% Lebih Hari ini, Mayoritas Saham Konglo|||https://www.cnbcindonesia.com/market/20260519140919-17-735964/21-emiten-big-cap-ambruk-10-lebih-hari-ini-mayoritas-saham-konglo
243|Breaking! IHSG Ambruk 4,11%, Terjun Bebas ke Level Terendah Setahun|||https://www.cnbcindonesia.com/market/20260519135651-17-735958/breaking-ihsg-ambruk-411-terjun-bebas-ke-level-terendah-setahun
244|Ada Perusahaan Entertainment Jumbo Mau IPO, Diduga Milik Raffi Ahmad|||https://www.cnbcindonesia.com/market/20260519132924-17-735938/ada-perusahaan-entertainment-jumbo-mau-ipo-diduga-milik-raffi-ahmad
245|Penampakan Ferrari Hingga Rolls-Royce Sandra Dewi Dilelang Kejagung|||https://www.cnbcindonesia.com/market/20260519132528-18-735931/penampakan-ferrari-hingga-rolls-royce-sandra-dewi-dilelang-kejagung
246|Pantau 1.500 Lebih Bank, LPS Siapkan Sistem Ini|||https://www.cnbcindonesia.com/market/20260519125514-17-735911/pantau-1500-lebih-bank-lps-siapkan-sistem-ini
247|Video Bos BI Ditugaskan Menkeu Buka Bantuan Pemerintah: Hoaks!|||https://www.cnbcindonesia.com/market/20260519120837-17-735902/video-bos-bi-ditugaskan-menkeu-buka-bantuan-pemerintah-hoaks
248|Dasco Datangi Kantor Bank Indonesia Siang Ini, Ada Agenda Apa?|||https://www.cnbcindonesia.com/market/20260519125707-17-735912/dasco-datangi-kantor-bank-indonesia-siang-ini-ada-agenda-apa
249|Hasil Korupsi, Ini Penampakan Kursi Firaun yang Dilelang Kejagung|||https://www.cnbcindonesia.com/market/20260519124024-18-735901/hasil-korupsi-ini-penampakan-kursi-firaun-yang-dilelang-kejagung
250|IHSG Sesi 1 Ditutup Turun 3%, Bukan Cuma Gara-Gara Saham MSCI|||https://www.cnbcindonesia.com/market/20260519122419-17-735893/ihsg-sesi-1-ditutup-turun-3-bukan-cuma-gara-gara-saham-msci
251|Pernyataan Lengkap Bos OJK di Bursa Efek Indonesia Siang Ini|||https://www.cnbcindonesia.com/market/20260519123205-17-735900/pernyataan-lengkap-bos-ojk-di-bursa-efek-indonesia-siang-ini
252|DPR Tanya BI Rupiah Tak Pernah Capai Target, Ini Penjelasan Perry|||https://www.cnbcindonesia.com/market/20260519121504-17-735892/dpr-tanya-bi-rupiah-tak-pernah-capai-target-ini-penjelasan-perry
253|Penampakan Dasco, Bos OJK dan Danantara Sidak ke BEI|||https://www.cnbcindonesia.com/market/20260519115056-18-735885/penampakan-dasco-bos-ojk-dan-danantara-sidak-ke-bei
254|Bos OJK Sebut Penurunan IHSG Masih Moderat|||https://www.cnbcindonesia.com/market/20260519115457-17-735890/bos-ojk-sebut-penurunan-ihsg-masih-moderat
255|Pernyataan Lengkap Dasco di Bursa Efek Indonesia Siang Ini|||https://www.cnbcindonesia.com/market/20260519114917-17-735872/pernyataan-lengkap-dasco-di-bursa-efek-indonesia-siang-ini
256|Breaking News! IHSG Ambruk 3% Lebih, Turun ke Level 6.300-an|||https://www.cnbcindonesia.com/market/20260519114604-17-735871/breaking-news-ihsg-ambruk-3-lebih-turun-ke-level-6300-an
257|CEO Danantara Buka Suara IHSG Anjlok Terus, Ungkap Potensi Ini|||https://www.cnbcindonesia.com/market/20260519112629-17-735868/ceo-danantara-buka-suara-ihsg-anjlok-terus-ungkap-potensi-ini
258|BI Tegaskan Cadangan Devisa RI Kuat, Sesuai Standar IMF!|||https://www.cnbcindonesia.com/market/20260519112804-17-735864/bi-tegaskan-cadangan-devisa-ri-kuat-sesuai-standar-imf
259|Penyebab IHSG Tiba-Tiba Anjlok 2% Siang Ini|||https://www.cnbcindonesia.com/market/20260519112420-17-735866/penyebab-ihsg-tiba-tiba-anjlok-2-siang-ini
260|Mendadak Kunjungi BEI, Dasco Bilang Begini ke Bos OJK dan BEI|||https://www.cnbcindonesia.com/market/20260519112519-17-735859/mendadak-kunjungi-bei-dasco-bilang-begini-ke-bos-ojk-dan-bei
261|Breaking News! IHSG Anjlok 2%|||https://www.cnbcindonesia.com/market/20260519111049-17-735852/breaking-news-ihsg-anjlok-2
262|Video: Rupiah Ambruk Tembus Rp 17.700 per USD - AS Batal Serang Iran|||https://www.cnbcindonesia.com/market/20260519110654-19-735850/video-rupiah-ambruk-tembus-rp-17700-per-usd--as-batal-serang-iran
263|Breaking! Dasco Mendadak Kunjungi BEI, Didampingi Bos OJK & Danantara|||https://www.cnbcindonesia.com/market/20260519110936-17-735854/breaking-dasco-mendadak-kunjungi-bei-didampingi-bos-ojk-danantara
264|Dirut Mandiri Sekuritas Oki Ramadhana Ditunjuk Jadi CEO INA|||https://www.cnbcindonesia.com/market/20260519103218-17-735842/dirut-mandiri-sekuritas-oki-ramadhana-ditunjuk-jadi-ceo-ina
265|Trump Tunda Serangan ke Iran, Harga Minyak Turun ke US$110|||https://www.cnbcindonesia.com/market/20260519095426-17-735825/trump-tunda-serangan-ke-iran-harga-minyak-turun-ke-us-110
266|INDY Terbitkan Surat Utang US$ 100 Juta, Duitnya Buat Tambang Emas|||https://www.cnbcindonesia.com/market/20260519092639-17-735819/indy-terbitkan-surat-utang-us--100-juta-duitnya-buat-tambang-emas
267|Jangan Panik Dolar Rp17.700, DPR-Pemerintah Cari Solusi Buat Rupiah|||https://www.cnbcindonesia.com/market/20260519092713-17-735820/jangan-panik-dolar-rp17700-dpr-pemerintah-cari-solusi-buat-rupiah
268|Emiten Ini Ubah Haluan Bisnis dan Caplok Dua Perusahaan Singapura|||https://www.cnbcindonesia.com/market/20260519091202-17-735817/emiten-ini-ubah-haluan-bisnis-dan-caplok-dua-perusahaan-singapura
269|Video: Rupiah Tembus Rp 17.650/USD, Suku Bunga BI Ditahan Atau Naik?|||https://www.cnbcindonesia.com/market/20260519092234-19-735818/video-rupiah-tembus-rp-17650-usd-suku-bunga-bi-ditahan-atau-naik
270|Breaking News! Dolar AS Tembus Rp17.700|||https://www.cnbcindonesia.com/market/20260519091544-17-735816/breaking-news-dolar-as-tembus-rp17700
271|Trump Bakal Lantik Bos Baru The Fed, Terkaya Sepanjang Sejarah AS|||https://www.cnbcindonesia.com/market/20260519090558-17-735814/trump-bakal-lantik-bos-baru-the-fed-terkaya-sepanjang-sejarah-as
272|Video: Tekanan Jual Masih Tinggi, IHSG & Rupiah Lanjut Dibuka Melemah|||https://www.cnbcindonesia.com/market/20260519091033-19-735815/video-tekanan-jual-masih-tinggi-ihsg-rupiah-lanjut-dibuka-melemah
273|Breaking News! Dolar AS Bertahan di Rp17.650|||https://www.cnbcindonesia.com/market/20260519080151-17-735788/breaking-news-dolar-as-bertahan-di-rp17650
274|Kejutan dari Jepang! Ekonomi Tumbuh 2,1%, Lampaui Ekspektasi|||https://www.cnbcindonesia.com/market/20260519085745-17-735812/kejutan-dari-jepang-ekonomi-tumbuh-21-lampaui-ekspektasi
275|IHSG Masih Tertekan, Melemah 0,53% di Awal Perdagangan Sesi I|||https://www.cnbcindonesia.com/market/20260519085806-17-735813/ihsg-masih-tertekan-melemah-053-di-awal-perdagangan-sesi-i
276|Purbaya Sediakan Rp2 T/Hari Buat Stabilkan Rupiah, Uangnya dari Mana?|||https://www.cnbcindonesia.com/market/20260519080749-17-735789/purbaya-sediakan-rp2-t-hari-buat-stabilkan-rupiah-uangnya-dari-mana
277|IHSG Masih Tertekan, Deretan Saham Ini Menarik Buat Dilirik|||https://www.cnbcindonesia.com/market/20260519082635-17-735791/ihsg-masih-tertekan-deretan-saham-ini-menarik-buat-dilirik
278|Bursa Asia Mayoritas Menguat Respons Penurunan Harga Minyak|||https://www.cnbcindonesia.com/market/20260519082540-17-735792/bursa-asia-mayoritas-menguat-respons-penurunan-harga-minyak
279|Usai Rapat 2 Jam dengan Prabowo, Bos BI soal Rupiah: Yakin Stabil!|||https://www.cnbcindonesia.com/market/20260519073054-17-735775/usai-rapat-2-jam-dengan-prabowo-bos-bi-soal-rupiah-yakin-stabil
280|Asing Kompak Lego 10 Saham Ini Kala IHSG Merah Merona|||https://www.cnbcindonesia.com/market/20260519080447-17-735790/asing-kompak-lego-10-saham-ini-kala-ihsg-merah-merona
281|Geger Emas 1 Ton Milik Penguasa Toba Hilang Diangkut 17 Kuda|||https://www.cnbcindonesia.com/market/20260519075432-17-735787/geger-emas-1-ton-milik-penguasa-toba-hilang-diangkut-17-kuda
282|Asing Serok Saham-Saham Ini Saat IHSG Makin Ambruk|||https://www.cnbcindonesia.com/market/20260519075127-17-735785/asing-serok-saham-saham-ini-saat-ihsg-makin-ambruk
283|Purbaya Tegaskan Kondisi RI Beda dengan Krisis Moneter 98|||https://www.cnbcindonesia.com/market/20260519063143-17-735755/purbaya-tegaskan-kondisi-ri-beda-dengan-krisis-moneter-98
284|Prabowo Tanya Kondisi Ekonomi RI, Purbaya: Bagus, Enggak Ada Masalah|||https://www.cnbcindonesia.com/market/20260518224825-17-735751/prabowo-tanya-kondisi-ekonomi-ri-purbaya-bagus-enggak-ada-masalah
285|Kucurkan Rp2 T Tiap Hari Bantu Jaga Rupiah, Ini Sumber Dana Purbaya|||https://www.cnbcindonesia.com/market/20260518223845-17-735749/kucurkan-rp2-t-tiap-hari-bantu-jaga-rupiah-ini-sumber-dana-purbaya
286|Purbaya Guyur Rp2 T Tiap Hari Bantu BI Selamatkan Rupiah|||https://www.cnbcindonesia.com/market/20260518221642-17-735748/purbaya-guyur-rp2-t-tiap-hari-bantu-bi-selamatkan-rupiah
287|IHSG Berdarah-Darah, BEI Sebut Tekanan Datang dari Berbagai Penjuru|||https://www.cnbcindonesia.com/market/20260518164753-17-735678/ihsg-berdarah-darah-bei-sebut-tekanan-datang-dari-berbagai-penjuru
288|Jelang Semester I IPO Masih Sepi, BEI Optimis Masih Sesuai Target|||https://www.cnbcindonesia.com/market/20260518165254-17-735681/jelang-semester-i-ipo-masih-sepi-bei-optimis-masih-sesuai-target
289|"Soal ""Desa Tak Pakai Dolar"", DPR Minta Warga Jangan Salah Arti"|||https://www.cnbcindonesia.com/market/20260518190403-17-735725/soal-desa-tak-pakai-dolar-dpr-minta-warga-jangan-salah-arti
290|IHSG Sempat Ambruk 4% Lebih, Asing Net Sell Rp 464 Miliar|||https://www.cnbcindonesia.com/market/20260518185922-17-735724/ihsg-sempat-ambruk-4-lebih-asing-net-sell-rp-464-miliar
291|Dony Oskaria Kumpulkan Bos Telkom & Telkomsel, Ini yang Dibahas|||https://www.cnbcindonesia.com/market/20260518184053-17-735713/dony-oskaria-kumpulkan-bos-telkom-telkomsel-ini-yang-dibahas
292|BEI Terima Audiensi Emiten-emiten yang Masuk Daftar HSC, Ini Daftarnya|||https://www.cnbcindonesia.com/market/20260518164235-17-735677/bei-terima-audiensi-emiten-emiten-yang-masuk-daftar-hsc-ini-daftarnya
293|XPeng Akuisisi 90,1% Saham Pabrik Kendaraan Listrik Grup Erajaya|||https://www.cnbcindonesia.com/market/20260518180657-17-735712/xpeng-akuisisi-901-saham-pabrik-kendaraan-listrik-grup-erajaya
294|Dilema BI Belajar dari Krisis 98, Rupiah Aman Tapi Likuiditas Kering|||https://www.cnbcindonesia.com/market/20260518160220-17-735657/dilema-bi-belajar-dari-krisis-98-rupiah-aman-tapi-likuiditas-kering
295|HMSP Pertahankan Kepemimpinan di Tengah Tantangan Industri Tembakau|||https://www.cnbcindonesia.com/market/20260518174404-17-735704/hmsp-pertahankan-kepemimpinan-di-tengah-tantangan-industri-tembakau
296|Video: Jurus RI Jaga Mesin Pendapatan Negara Sektor Tambang Era Perang|||https://www.cnbcindonesia.com/market/20260518162326-19-735668/video-jurus-ri-jaga-mesin-pendapatan-negara-sektor-tambang-era-perang
297|Bos BEI Buka Suara Usai IHSG Anjlok Sampai 4% Hari Ini|||https://www.cnbcindonesia.com/market/20260518160220-17-735658/bos-bei-buka-suara-usai-ihsg-anjlok-sampai-4-hari-ini
298|Video: Gak Cuma Efek Perang, Rupiah Anjlok Juga Terkait Kredibilitas|||https://www.cnbcindonesia.com/market/20260518170917-19-735694/video-gak-cuma-efek-perang-rupiah-anjlok-juga-terkait-kredibilitas
299|Purbaya Jelaskan Maksud Prabowo 'Orang Desa Tak Pakai Dolar'|||https://www.cnbcindonesia.com/market/20260518173412-17-735700/purbaya-jelaskan-maksud-prabowo-orang-desa-tak-pakai-dolar
300|Video: Ekonom: Krisis Kepercayaan Pasar RI Sangat Serius, IHSG Anjlok|||https://www.cnbcindonesia.com/market/20260518170916-19-735692/video-ekonom-krisis-kepercayaan-pasar-ri-sangat-serius-ihsg-anjlok
301|Video: DPR Kritik Rupiah Melemah - Purbaya: RI Jauh Dari Krisis 1998|||https://www.cnbcindonesia.com/market/20260518170918-19-735693/video-dpr-kritik-rupiah-melemah--purbaya-ri-jauh-dari-krisis-1998
302|Tok! DPR RI dan BI Sepakat Optimalkan Penguatan Rupiah|||https://www.cnbcindonesia.com/market/20260518171133-17-735696/tok-dpr-ri-dan-bi-sepakat-optimalkan-penguatan-rupiah
303|Rupiah Melemah & Dana Asing Keluar, Bos BI Blak-blakan Penyebabnya|||https://www.cnbcindonesia.com/market/20260518163919-17-735690/rupiah-melemah-dana-asing-keluar-bos-bi-blak-blakan-penyebabnya
304|Gubernur BI Sebut Nilai Tukar Rupiah Akhir Tahun Bisa Rp 16.500/US$|||https://www.cnbcindonesia.com/market/20260518163413-17-735674/gubernur-bi-sebut-nilai-tukar-rupiah-akhir-tahun-bisa-rp-16500-us-
305|Kinerja IHSG Sepanjang Tahun Berjalan Ternyata Terburuk di Dunia|||https://www.cnbcindonesia.com/market/20260518145449-17-735617/kinerja-ihsg-sepanjang-tahun-berjalan-ternyata-terburuk-di-dunia
306|IHSG Pangkas Koreksi, Ditutup Turun 1,85% Hari Ini|||https://www.cnbcindonesia.com/market/20260518160509-17-735661/ihsg-pangkas-koreksi-ditutup-turun-185-hari-ini
307|Bos BI Ungkap Besarnya Dana Asing Keluar dari RI, Jumlahnya Segini|||https://www.cnbcindonesia.com/market/20260518160610-17-735662/bos-bi-ungkap-besarnya-dana-asing-keluar-dari-ri-jumlahnya-segini
308|OJK Kasih Sinyal Bank Mini yang Perlu Merger|||https://www.cnbcindonesia.com/market/20260518141801-17-735596/ojk-kasih-sinyal-bank-mini-yang-perlu-merger
309|Luhut Kumpulkan Petinggi OJK, Bahas Reformasi Pasar Modal-Nasib Rupiah|||https://www.cnbcindonesia.com/market/20260518154621-17-735646/luhut-kumpulkan-petinggi-ojk-bahas-reformasi-pasar-modal-nasib-rupiah
310|Luhut Bocorkan Pesan MSCI ke Bos OJK, Ini Isinya|||https://www.cnbcindonesia.com/market/20260518142539-17-735595/luhut-bocorkan-pesan-msci-ke-bos-ojk-ini-isinya
311|Dolar Rp17.600, Bos BI: Jangan Kami Dinilai Ingin Menaikkan Penerimaan|||https://www.cnbcindonesia.com/market/20260518153900-17-735641/dolar-rp17600-bos-bi-jangan-kami-dinilai-ingin-menaikkan-penerimaan
312|Analis Ungkap Alasan IHSG Anjlok 4%, Investor Wajib Pantau Hal Ini|||https://www.cnbcindonesia.com/market/20260518150104-17-735615/analis-ungkap-alasan-ihsg-anjlok-4-investor-wajib-pantau-hal-ini
313|Stabilkan Rupiah, BI Sudah Pakai Cadangan Devisa US$ 10 Miliar|||https://www.cnbcindonesia.com/market/20260518151721-17-735620/stabilkan-rupiah-bi-sudah-pakai-cadangan-devisa-us--10-miliar
314|Luhut Bertemu Bos OJK, Bahas Dampak MSCI Hingga Kredit Macet BPR|||https://www.cnbcindonesia.com/market/20260518141343-17-735592/luhut-bertemu-bos-ojk-bahas-dampak-msci-hingga-kredit-macet-bpr
315|Bos BI Pede Rupiah Perkasa Lagi Juli-Agustus 2026, Ini Alasannya!|||https://www.cnbcindonesia.com/market/20260518151358-17-735618/bos-bi-pede-rupiah-perkasa-lagi-juli-agustus-2026-ini-alasannya
316|Nilai Tukar Rupiah Terendah Sepanjang Masa, Dolar AS Kini Rp17.640|||https://www.cnbcindonesia.com/market/20260518144252-17-735605/nilai-tukar-rupiah-terendah-sepanjang-masa-dolar-as-kini-rp17640
317|DPR Ingatkan Bos BI: Zaman Pak Habibie Rupiah Pernah Balik ke Rp6.000|||https://www.cnbcindonesia.com/market/20260518145704-17-735610/dpr-ingatkan-bos-bi-zaman-pak-habibie-rupiah-pernah-balik-ke-rp6000
318|Komisi XI DPR Minta BI Balikkan Dolar AS ke Level Rp16.000|||https://www.cnbcindonesia.com/market/20260518145433-17-735609/komisi-xi-dpr-minta-bi-balikkan-dolar-as-ke-level-rp16000
319|Momen Anggota DPR Cecar BI Soal Dolar Tembus Rp 17.600|||https://www.cnbcindonesia.com/market/20260518144751-17-735607/momen-anggota-dpr-cecar-bi-soal-dolar-tembus-rp-17600
320|Bos BI Ramal Dolar Balik ke Rp16.200-16.800 Akhir 2026|||https://www.cnbcindonesia.com/market/20260518144219-17-735604/bos-bi-ramal-dolar-balik-ke-rp16200-16800-akhir-2026
321|Pemegang Dolar Siap-siap! Bos BI: Juli-Agustus Rupiah Bakal Menguat|||https://www.cnbcindonesia.com/market/20260518143715-17-735599/pemegang-dolar-siap-siap-bos-bi-juli-agustus-rupiah-bakal-menguat
322|Dolar Rp 17.600/US$, Gubernur BI: Rupiah Masih Stabil|||https://www.cnbcindonesia.com/market/20260518143108-17-735597/dolar-rp-17600-us--gubernur-bi-rupiah-masih-stabil
323|Tanpa Sokongan MSCI & FTSE, Saham Prajogo Tumbang Berjamaah di 2026|||https://www.cnbcindonesia.com/market/20260518133358-17-735578/tanpa-sokongan-msci-ftse-saham-prajogo-tumbang-berjamaah-di-2026
324|Video: Diterjang Aksi Jual, IHSG Sempat Koreksi Lebih Dari 4,6%|||https://www.cnbcindonesia.com/market/20260518122056-19-735543/video-diterjang-aksi-jual-ihsg-sempat-koreksi-lebih-dari-46
325|Belasan Tahun Mau Go Private, SCPI Kembali Tender Offer Buat Delisting|||https://www.cnbcindonesia.com/market/20260518120317-17-735537/belasan-tahun-mau-go-private-scpi-kembali-tender-offer-buat-delisting
326|Dolar AS Sudah Kini Rp 17.630, Bisa Tembus Rp18.000?|||https://www.cnbcindonesia.com/market/20260518130101-17-735568/dolar-as-sudah-kini-rp-17630-bisa-tembus-rp18000
327|Video: Rupiah Terlemah Sepanjang Masa, DPR Panggil Dewan Gubernur BI|||https://www.cnbcindonesia.com/market/20260518122132-19-735544/video-rupiah-terlemah-sepanjang-masa-dpr-panggil-dewan-gubernur-bi
328|Terungkap! 2 Negara Adidaya Ini Pemberi Utang Utama RI di Q1-2026|||https://www.cnbcindonesia.com/market/20260518121701-17-735540/terungkap-2-negara-adidaya-ini-pemberi-utang-utama-ri-di-q1-2026
329|IHSG Tembus Ke Level 6.400, Purbaya: Waktunya Serok Bawah|||https://www.cnbcindonesia.com/market/20260518125414-17-735557/ihsg-tembus-ke-level-6400-purbaya-waktunya-serok-bawah
330|Rupiah Loyo, Ada Bank Sudah Jual Dolar Rp 17.800|||https://www.cnbcindonesia.com/market/20260518112543-17-735511/rupiah-loyo-ada-bank-sudah-jual-dolar-rp-17800
331|IHSG Sesi 1 Ambruk 3,76%, Duit Rp 482 Triliun Menguap|||https://www.cnbcindonesia.com/market/20260518112130-17-735509/ihsg-sesi-1-ambruk-376-duit-rp-482-triliun-menguap
332|Video: Rupiah Melemah Parah, Begini Proyeksi Dolar AS Ke Depan|||https://www.cnbcindonesia.com/market/20260518114049-19-735517/video-rupiah-melemah-parah-begini-proyeksi-dolar-as-ke-depan
333|Dividen sampai Musim Haji Alasan Dolar AS Capai Rp17.630|||https://www.cnbcindonesia.com/market/20260518120141-17-735527/dividen-sampai-musim-haji-alasan-dolar-as-capai-rp17630
334|AS - Iran Panas Lagi, Harga Minyak Melonjak ke US$111|||https://www.cnbcindonesia.com/market/20260518104527-17-735483/as--iran-panas-lagi-harga-minyak-melonjak-ke-us-111
335|BI: Utang Luar Negeri RI Tembus Rp 7.627 Triliun di Akhir Kuartal I|||https://www.cnbcindonesia.com/market/20260518112936-17-735512/bi-utang-luar-negeri-ri-tembus-rp-7627-triliun-di-akhir-kuartal-i
336|Video: PLTN UEA Diserang, Harga Minyak Mendidih & Harga Emas Ambruk 4%|||https://www.cnbcindonesia.com/market/20260518110608-19-735503/video-pltn-uea-diserang-harga-minyak-mendidih-harga-emas-ambruk-4
337|IHSG & Rupiah Sama-sama Anjlok, Begini Kata Purbaya!|||https://www.cnbcindonesia.com/market/20260518110616-17-735504/ihsg-rupiah-sama-sama-anjlok-begini-kata-purbaya
338|Video: Dihantam Banyak Sentimen, Rupiah & IHSG Awali Pekan Yang Berat|||https://www.cnbcindonesia.com/market/20260518110127-19-735502/video-dihantam-banyak-sentimen-rupiah-ihsg-awali-pekan-yang-berat
339|Video: Sentimen MSCI - FTSE Bikin IHSG Ambruk Lebih Dari 4%|||https://www.cnbcindonesia.com/market/20260518103132-19-735476/video-sentimen-msci--ftse-bikin-ihsg-ambruk-lebih-dari-4
340|Breaking! Nilai Rupiah Turun 1,15%, Dolar AS Bertengger di Rp17.660|||https://www.cnbcindonesia.com/market/20260518102115-17-735473/breaking-nilai-rupiah-turun-115-dolar-as-bertengger-di-rp17660
341|Susunan Terbaru Direksi dan Komisaris Garuda Indonesia (GIAA)|||https://www.cnbcindonesia.com/market/20260518095825-17-735461/susunan-terbaru-direksi-dan-komisaris-garuda-indonesia--giaa-
342|Breaking News! Efek MSCI Makin Terasa, IHSG Anjlok 4,31%|||https://www.cnbcindonesia.com/market/20260518100509-17-735469/breaking-news-efek-msci-makin-terasa-ihsg-anjlok-431
343|Video: IHSG Terus Anjlok & Melemah Hingga 3,6% ke 6.400-an|||https://www.cnbcindonesia.com/market/20260518094850-19-735459/video-ihsg-terus-anjlok-melemah-hingga-36-ke-6400-an
344|Breaking! IHSG Anjlok 3,61%, Ada Panic Selling Gegara MSCI-FTSE|||https://www.cnbcindonesia.com/market/20260518094021-17-735455/breaking-ihsg-anjlok-361-ada-panic-selling-gegara-msci-ftse
345|Telkom (TLKM) Umumkan RUPS 8 Juni 2026, Mau Bahas Hal Penting Ini|||https://www.cnbcindonesia.com/market/20260518084537-17-735429/telkom--tlkm--umumkan-rups-8-juni-2026-mau-bahas-hal-penting-ini
346|IHSG Tiba-tiba Dibuka Anjlok 2,59%, Ini Penyebabnya|||https://www.cnbcindonesia.com/market/20260518090346-17-735439/ihsg-tiba-tiba-dibuka-anjlok-259-ini-penyebabnya
347|Video: Dolar AS Makin Perkasa Lawan Rupiah, Tembus Rp 17.600|||https://www.cnbcindonesia.com/market/20260518091026-19-735441/video-dolar-as-makin-perkasa-lawan-rupiah-tembus-rp-17600
348|Video: IHSG Anjlok Lebih Dari 2%, Sentuh Level 6.500-an|||https://www.cnbcindonesia.com/market/20260518091027-19-735440/video-ihsg-anjlok-lebih-dari-2-sentuh-level-6500-an
349|Breaking News! Dolar AS Tembus Rp17.630|||https://www.cnbcindonesia.com/market/20260518081622-17-735416/breaking-news-dolar-as-tembus-rp17630
350|Breaking! Efek MSCI-FTSE Masih Lanjut, IHSG Dibuka Ambruk 2,59%|||https://www.cnbcindonesia.com/market/20260518085201-17-735434/breaking-efek-msci-ftse-masih-lanjut-ihsg-dibuka-ambruk-259
351|Intip 5 Rekomendasi Saham yang Potensi Kasih Cuan Hari Ini|||https://www.cnbcindonesia.com/market/20260518080650-17-735413/intip-5-rekomendasi-saham-yang-potensi-kasih-cuan-hari-ini
352|10 Saham Ini Diserok Asing Kala IHSG Babak Belur Imbas MSCI|||https://www.cnbcindonesia.com/market/20260518082903-17-735420/10-saham-ini-diserok-asing-kala-ihsg-babak-belur-imbas-msci
353|Konflik Timur Tengah Memanas, Bursa Asia Kompak Jebol|||https://www.cnbcindonesia.com/market/20260518080708-17-735414/konflik-timur-tengah-memanas-bursa-asia-kompak-jebol
354|Asing Kompak Lego 10 Saham Ini Sebelum Libur Panjang Pekan Lalu|||https://www.cnbcindonesia.com/market/20260518074939-17-735410/asing-kompak-lego-10-saham-ini-sebelum-libur-panjang-pekan-lalu
355|OJK Respons Rencana Prabowo Turunkan Bunga KUR Jadi 5%|||https://www.cnbcindonesia.com/market/20260518074246-17-735406/ojk-respons-rencana-prabowo-turunkan-bunga-kur-jadi-5
356|Prabowo Ungkap Danantara Kelola Aset US$ 1.000 M, Terbesar Ke-6 Dunia!|||https://www.cnbcindonesia.com/market/20260518070142-17-735389/prabowo-ungkap-danantara-kelola-aset-us--1000-m-terbesar-ke-6-dunia
357|Prabowo Cerita Kepala BPKP Izin Periksa Penyelewengan Orang Dekatnya|||https://www.cnbcindonesia.com/market/20260518064519-17-735386/prabowo-cerita-kepala-bpkp-izin-periksa-penyelewengan-orang-dekatnya
358|Raja Ritel RI Tiba-Tiba Tumbang, Keluarga Riady Ambil Alih|||https://www.cnbcindonesia.com/market/20260517180728-17-735356/raja-ritel-ri-tiba-tiba-tumbang-keluarga-riady-ambil-alih
359|Jurus Habibie Sukses Turunkan Dolar dari Rp 16.000 ke Rp 6.550|||https://www.cnbcindonesia.com/market/20260517171646-17-735352/jurus-habibie-sukses-turunkan-dolar-dari-rp-16000-ke-rp-6550
360|Warga AS Menyesal Soal Tabungan, Kok Bisa?|||https://www.cnbcindonesia.com/market/20260517152341-17-735331/warga-as-menyesal-soal-tabungan-kok-bisa
361|Video: Ekonom Ungkap Nasib Rupiah Jika Perang Sampai Akhir Tahun 2026|||https://www.cnbcindonesia.com/market/20260513170356-19-734813/video-ekonom-ungkap-nasib-rupiah-jika-perang-sampai-akhir-tahun-2026
362|Canda Prabowo Soal Dolar, Sebut Purbaya hingga Titiek Soeharto|||https://www.cnbcindonesia.com/market/20260517142351-17-735326/canda-prabowo-soal-dolar-sebut-purbaya-hingga-titiek-soeharto
363|Digitalisasi Masif! OJK Buka-bukaan Nasib Karyawan Bank|||https://www.cnbcindonesia.com/market/20260517155938-17-735334/digitalisasi-masif-ojk-buka-bukaan-nasib-karyawan-bank
364|Video; Dihantam Isu MSCI & Perang, Saham Sektor Mana Yang Bisa Cuan?|||https://www.cnbcindonesia.com/market/20260513141527-19-734725/video-dihantam-isu-msci-perang-saham-sektor-mana-yang-bisa-cuan
365|Kisah Rakesh Jhunjhunwala, Sukses Ubah Rp975 Ribu Jadi Rp94 Triliun|||https://www.cnbcindonesia.com/market/20260517105553-17-735310/kisah-rakesh-jhunjhunwala-sukses-ubah-rp975-ribu-jadi-rp94-triliun
366|Dosen Matematika Jadi Kaya Raya Usai Praktekan Ilmunya di Investasi|||https://www.cnbcindonesia.com/market/20260517085656-17-735292/dosen-matematika-jadi-kaya-raya-usai-praktekan-ilmunya-di-investasi
367|Saldo Minimum Bank Mandiri, BRI, BNI Terbaru, Berlaku 17 Mei 2026|||https://www.cnbcindonesia.com/market/20260517071858-17-735280/saldo-minimum-bank-mandiri-bri-bni-terbaru-berlaku-17-mei-2026
368|Benarkah Tuyul Tak Bisa Curi Uang di Bank? Ini Penjelasannya|||https://www.cnbcindonesia.com/market/20260516173212-17-735219/benarkah-tuyul-tak-bisa-curi-uang-di-bank-ini-penjelasannya
369|Mulanya Jualan Kembang Api, Sosok Ini Sekarang Jadi Raja Rokok RI|||https://www.cnbcindonesia.com/market/20260516160519-17-735214/mulanya-jualan-kembang-api-sosok-ini-sekarang-jadi-raja-rokok-ri
370|Dulu Calo Tiket di Bandara, Sosok Ini Sekarang Pemilik Lion Air|||https://www.cnbcindonesia.com/market/20260516145413-17-735200/dulu-calo-tiket-di-bandara-sosok-ini-sekarang-pemilik-lion-air
371|Ada Peran Kakek Prabowo di Balik Berdirinya Bank Pertama di RI|||https://www.cnbcindonesia.com/market/20260516141413-17-735196/ada-peran-kakek-prabowo-di-balik-berdirinya-bank-pertama-di-ri
372|Penawar Misterius Bayar Rp158 M Buat Makan Malam Bareng Warren Buffett|||https://www.cnbcindonesia.com/market/20260516114811-17-735180/penawar-misterius-bayar-rp158-m-buat-makan-malam-bareng-warren-buffett
373|Prabowo Resmikan 1.061 Kopdes Merah Putih di Jawa Timur|||https://www.cnbcindonesia.com/market/20260516131205-17-735188/prabowo-resmikan-1061-kopdes-merah-putih-di-jawa-timur
374|Video: Salurkan Gas ke Pelosok, Bisnis Perkapalan Perlu Kontrak Pasti|||https://www.cnbcindonesia.com/market/20260512104644-19-734317/video-salurkan-gas-ke-pelosok-bisnis-perkapalan-perlu-kontrak-pasti
375|Bakal Kena Pajak Rp129 T, Taipan Ini Beri Jawaban Tak Terduga|||https://www.cnbcindonesia.com/market/20260516102203-17-735175/bakal-kena-pajak-rp129-t-taipan-ini-beri-jawaban-tak-terduga
376|Tertarik Punya Alfamart Sendiri, Segini Biaya dan Balik Modal 2026|||https://www.cnbcindonesia.com/market/20260516110212-17-735178/tertarik-punya-alfamart-sendiri-segini-biaya-dan-balik-modal-2026
377|Keluarga Ini Punya Pendapatan Pasif Rp2,72 M Sebulan|||https://www.cnbcindonesia.com/market/20260516105313-17-735176/keluarga-ini-punya-pendapatan-pasif-rp272-m-sebulan
378|Kisah Robohnya Kerajaan Bisnis Salim Usai Berjaya 3 Dekade|||https://www.cnbcindonesia.com/market/20260516080638-17-735167/kisah-robohnya-kerajaan-bisnis-salim-usai-berjaya-3-dekade
379|5 Ciri Utama Golongan Warga Kelas Bawah, Ada di Kamu?|||https://www.cnbcindonesia.com/market/20260516073225-17-735154/5-ciri-utama-golongan-warga-kelas-bawah-ada-di-kamu
380|Cerita Harta Karun Rp38 Triliun Diambil, Penemu Dibiarkan Melarat|||https://www.cnbcindonesia.com/market/20260516011638-17-735148/cerita-harta-karun-rp38-triliun-diambil-penemu-dibiarkan-melarat
381|Tabungan Pensiun Orang Ini Lenyap di Rekening, Ternyata Karena Ini|||https://www.cnbcindonesia.com/market/20260516010530-17-735145/tabungan-pensiun-orang-ini-lenyap-di-rekening-ternyata-karena-ini
382|Asisten Rumah Tangga Pakai Gaji Buat Beli Saham, Tak Disangka Malah...|||https://www.cnbcindonesia.com/market/20260516005452-17-735142/asisten-rumah-tangga-pakai-gaji-buat-beli-saham-tak-disangka-malah
383|Merek Mobil Terkenal Malah Rugi Genjot Mobil Listrik, Berdarah-darah|||https://www.cnbcindonesia.com/market/20260515184839-17-735117/merek-mobil-terkenal-malah-rugi-genjot-mobil-listrik-berdarah-darah
384|Marc Jacobs Jadi Saudara Vera Wang Setelah Pisah dari Louis Vuitton|||https://www.cnbcindonesia.com/market/20260515195008-17-735121/marc-jacobs-jadi-saudara-vera-wang-setelah-pisah-dari-louis-vuitton
385|IHSG Tumbang, Benarkah Investasi Tas Hermes Lebih Cuan?|||https://www.cnbcindonesia.com/market/20260515153038-17-735100/ihsg-tumbang-benarkah-investasi-tas-hermes-lebih-cuan
386|Rahasia Habibie Menjinakkan Dolar dari Rp16.000 ke Rp6.550|||https://www.cnbcindonesia.com/market/20260515142406-17-735090/rahasia-habibie-menjinakkan-dolar-dari-rp16000-ke-rp6550
387|Penjaga Warung Kelontong di Petojo Kini Kaya Raya Punya 23.000 Toko|||https://www.cnbcindonesia.com/market/20260515131740-17-735083/penjaga-warung-kelontong-di-petojo-kini-kaya-raya-punya-23000-toko
388|Video: Jurus Eksportir Udang Amankan Pembeli AS & Eropa Saat Perang|||https://www.cnbcindonesia.com/market/20260511111232-19-733954/video-jurus-eksportir-udang-amankan-pembeli-as-eropa-saat-perang
389|Anak Pejabat RI Hidup Melarat, Menolak Jual Nama Besar Orang Tua|||https://www.cnbcindonesia.com/market/20260515092951-17-735062/anak-pejabat-ri-hidup-melarat-menolak-jual-nama-besar-orang-tua
390|Geger Harta Karun 30.000 Ton Emas di Banten 'Dirampok' Asing|||https://www.cnbcindonesia.com/market/20260515095256-17-735067/geger-harta-karun-30000-ton-emas-di-banten-dirampok-asing
391|Petani Jawa Temukan Emas 'Harta Karun' 16 Kg, Ini Ceritanya|||https://www.cnbcindonesia.com/market/20260515062615-17-735031/petani-jawa-temukan-emas-harta-karun-16-kg-ini-ceritanya
392|Cuan Besar! Setelah Wall Street, Bursa Korsel Tembus Rekor 8.000|||https://www.cnbcindonesia.com/market/20260515084455-17-735054/cuan-besar-setelah-wall-street-bursa-korsel-tembus-rekor-8000
393|Maaf IHSG! Wall Street Cetak Rekor Baru, Dow Jones Tembus 50.000|||https://www.cnbcindonesia.com/market/20260515063228-17-735033/maaf-ihsg-wall-street-cetak-rekor-baru-dow-jones-tembus-50000
394|Lembaga Energi Dunia Wanti-Wanti Harga Minyak Bakal Makin Liar|||https://www.cnbcindonesia.com/market/20260514143045-17-734955/lembaga-energi-dunia-wanti-wanti-harga-minyak-bakal-makin-liar
395|Harta Prajogo Pangestu Lenyap Rp 31,5 Triliun Dalam 1x24 Jam|||https://www.cnbcindonesia.com/market/20260514131437-17-734952/harta-prajogo-pangestu-lenyap-rp-315-triliun-dalam-1x24-jam
396|Trump Telepon Manusia Rp 3.000 Triliun Saat di China, Ada Apa?|||https://www.cnbcindonesia.com/market/20260514124244-17-734942/trump-telepon-manusia-rp-3000-triliun-saat-di-china-ada-apa
397|Prajogo Jual Rp 1 Triliun Saham CUAN, Harga Ambruk|||https://www.cnbcindonesia.com/market/20260514115834-17-734936/prajogo-jual-rp-1-triliun-saham-cuan-harga-ambruk
398|Video: Eksportir Ikan Pusing, BBM Naik Bikin Biaya Operasional Meroket|||https://www.cnbcindonesia.com/market/20260511111231-19-733952/video-eksportir-ikan-pusing-bbm-naik-bikin-biaya-operasional-meroket
399|MSCI Depak 18 Saham RI, Begini Respons Bos BEI|||https://www.cnbcindonesia.com/market/20260514103747-17-734923/msci-depak-18-saham-ri-begini-respons-bos-bei
400|Daftar Lengkap CEO Terkaya Dunia yang Diajak Trump ke China|||https://www.cnbcindonesia.com/market/20260514074341-17-734904/daftar-lengkap-ceo-terkaya-dunia-yang-diajak-trump-ke-china
401|Gilarsi Wahju Setijono Resmi Mengundurkan Diri dari Dirut VKTR|||https://www.cnbcindonesia.com/market/20260514063115-17-734897/gilarsi-wahju-setijono-resmi-mengundurkan-diri-dari-dirut-vktr
402|Dorong Proyek Strategis, Fundamental Bisnis ANTAM Makin Solid|||https://www.cnbcindonesia.com/market/20260513203224-17-734881/dorong-proyek-strategis-fundamental-bisnis-antam-makin-solid
403|Dony Oskaria Kumpulkan Himbara, Bahas Akses Pembiayaan Rumah Murah|||https://www.cnbcindonesia.com/market/20260513201029-17-734878/dony-oskaria-kumpulkan-himbara-bahas-akses-pembiayaan-rumah-murah
404|Imbas MSCI, Harta Prajogo Lenyap Rp 69 Triliun di Hari Ulang Tahun|||https://www.cnbcindonesia.com/market/20260513190911-17-734868/imbas-msci-harta-prajogo-lenyap-rp-69-triliun-di-hari-ulang-tahun
405|Gejolak MSCI Tak Hanya di Indonesia, 24 Saham China Ikut Kena Tendang|||https://www.cnbcindonesia.com/market/20260513181216-17-734848/gejolak-msci-tak-hanya-di-indonesia-24-saham-china-ikut-kena-tendang
406|"Video: Pengusaha: Kekuatan Rupiah Lawan Dolar AS ""Tak Baik-baik Saja"""|||https://www.cnbcindonesia.com/market/20260513170401-19-734814/video-pengusaha-kekuatan-rupiah-lawan-dolar-as-tak-baik-baik-saja
407|Transformasi Digital Pariwisata, GIAA dan InJourney Gandeng Klook|||https://www.cnbcindonesia.com/market/20260513172943-17-734826/transformasi-digital-pariwisata-giaa-dan-injourney-gandeng-klook
408|FTSE Rombak Aturan Terkait HSC, BREN & DSSA Terancam Kena Tendang|||https://www.cnbcindonesia.com/market/20260513183220-17-734849/ftse-rombak-aturan-terkait-hsc-bren-dssa-terancam-kena-tendang
409|Ekonom DBS Ramal Tantangan Rupiah Masih Besar di Kuartal II|||https://www.cnbcindonesia.com/market/20260513180559-17-734841/ekonom-dbs-ramal-tantangan-rupiah-masih-besar-di-kuartal-ii
410|Prabowo Minta Bunga Kredit Super Mikro Turun, Danantara Janjikan 8%|||https://www.cnbcindonesia.com/market/20260513180057-17-734836/prabowo-minta-bunga-kredit-super-mikro-turun-danantara-janjikan-8
411|Dunia Bergejolak, Ekonom Ingatkan Kompetisi Sengit Industri Perbankan|||https://www.cnbcindonesia.com/market/20260513174024-17-734837/dunia-bergejolak-ekonom-ingatkan-kompetisi-sengit-industri-perbankan
412|Valuasi IHSG Murah, Bos OJK Sebut Momentum Baik Bagi Investor|||https://www.cnbcindonesia.com/market/20260513152451-17-734774/valuasi-ihsg-murah-bos-ojk-sebut-momentum-baik-bagi-investor
413|Video: Pengusaha Harap Presiden Hadir Langsung Atasi Masalah Bursa|||https://www.cnbcindonesia.com/market/20260513162115-19-734800/video-pengusaha-harap-presiden-hadir-langsung-atasi-masalah-bursa
414|Diterjang Badai MSCI, IHSG Ambruk Nyaris 2% ke Level 6.700-an|||https://www.cnbcindonesia.com/market/20260513162041-17-734805/diterjang-badai-msci-ihsg-ambruk-nyaris-2-ke-level-6700-an
415|Video: 6 Saham RI Keluar Dari Global Standar Indeks MSCI, Apa Efeknya?|||https://www.cnbcindonesia.com/market/20260513162116-19-734799/video-6-saham-ri-keluar-dari-global-standar-indeks-msci-apa-efeknya
416|WBSA Masuk HSC Sebulan Setelah IPO, OJK & BEI Soroti Ini|||https://www.cnbcindonesia.com/market/20260513144800-17-734741/wbsa-masuk-hsc-sebulan-setelah-ipo-ojk-bei-soroti-ini
417|Purbaya Klaim Bantu Stabilkan Rupiah 'Tipis-Tipis' di Bond Market|||https://www.cnbcindonesia.com/market/20260513160555-17-734789/purbaya-klaim-bantu-stabilkan-rupiah-tipis-tipis-di-bond-market
418|OJK & Aparat Hukum Satu Suara: Kredit Macet Tak Otomatis Pidana|||https://www.cnbcindonesia.com/market/20260513142324-17-734733/ojk-aparat-hukum-satu-suara-kredit-macet-tak-otomatis-pidana
419|Jangan Panik Dolar Rp17.500, Purbaya: RI Tak Akan Sejelek 98!|||https://www.cnbcindonesia.com/market/20260513153802-17-734780/jangan-panik-dolar-rp17500-purbaya-ri-tak-akan-sejelek-98
420|Haji Isam Borong 21% Saham PACK, Sehari Langsung Cuan Rp1,19 T|||https://www.cnbcindonesia.com/market/20260513152725-17-734777/haji-isam-borong-21-saham-pack-sehari-langsung-cuan-rp119-t
421|Video: DPR Buka Suara Soal Rebalancing MSCI-Jurus Perkuat Bursa Saham|||https://www.cnbcindonesia.com/market/20260513152045-19-734765/video-dpr-buka-suara-soal-rebalancing-msci-jurus-perkuat-bursa-saham
422|6 Emiten RI Kena Tendang MSCI, Bos Bursa Kasih Respons Tak Terduga|||https://www.cnbcindonesia.com/market/20260513142942-17-734728/6-emiten-ri-kena-tendang-msci-bos-bursa-kasih-respons-tak-terduga
423|OJK Buka Fakta: Bukan Cuma Emiten RI yang Ditendang MSCI|||https://www.cnbcindonesia.com/market/20260513145740-17-734749/ojk-buka-fakta-bukan-cuma-emiten-ri-yang-ditendang-msci
424|"Video: Misbakhun: Rebalancing MSCI Jadi Obat ""Pahit"" Penguatan Bursa"|||https://www.cnbcindonesia.com/market/20260513150559-19-734754/video-misbakhun-rebalancing-msci-jadi-obat-pahit-penguatan-bursa
425|Rupiah Balik Menguat, Dolar AS Ditutup Turun ke Rp17.460|||https://www.cnbcindonesia.com/market/20260513145134-17-734742/rupiah-balik-menguat-dolar-as-ditutup-turun-ke-rp17460
426|Breaking News, IHSG Anjlok 2% Lebih Usai MSCI Depak 19 Emiten RI|||https://www.cnbcindonesia.com/market/20260513145725-17-734750/breaking-news-ihsg-anjlok-2-lebih-usai-msci-depak-19-emiten-ri
427|Semen Indonesia (SMGR) Bakal Bagi Dividen Rp 190,84 Miliar|||https://www.cnbcindonesia.com/market/20260513145329-17-734743/semen-indonesia--smgr--bakal-bagi-dividen-rp-19084-miliar
428|"Video: Bos Sekuritas Ungkap ""Bahaya"" Pelemahan Rupiah, RI Harus Apa?"|||https://www.cnbcindonesia.com/market/20260513141528-19-734724/video-bos-sekuritas-ungkap-bahaya-pelemahan-rupiah-ri-harus-apa
429|OJK Ungkap Skenario Terbaik IHSG Usai 'Dihantam' MSCI|||https://www.cnbcindonesia.com/market/20260513120921-17-734689/ojk-ungkap-skenario-terbaik-ihsg-usai-dihantam-msci
430|OJK Bakal Umumkan Direksi Bursa Baru 22 Juni 2026|||https://www.cnbcindonesia.com/market/20260513135837-17-734722/ojk-bakal-umumkan-direksi-bursa-baru-22-juni-2026
431|Video: Selamatkan IHSG & Rupiah, Investor Butuh Aksi Nyata Pemerintah|||https://www.cnbcindonesia.com/market/20260513132724-19-734709/video-selamatkan-ihsg-rupiah-investor-butuh-aksi-nyata-pemerintah
432|Rukun Raharja (RAJA) Mau Stock Split Saham Rasio 1:5|||https://www.cnbcindonesia.com/market/20260513132713-17-734715/rukun-raharja--raja--mau-stock-split-saham-rasio-15
433|Aliran Dana Asing Kabur Rp 1,1 Triliun Usai Pengumuman MSCI|||https://www.cnbcindonesia.com/market/20260513134257-17-734717/aliran-dana-asing-kabur-rp-11-triliun-usai-pengumuman-msci
434|Video: MSCI Depak 18 Saham,Pelaku Pasar Yakin RI Tetap Emerging Market|||https://www.cnbcindonesia.com/market/20260513132725-19-734708/video-msci-depak-18-sahampelaku-pasar-yakin-ri-tetap-emerging-market
435|Video: Bank Aladin Syariah Buka Suara Terkait Pengumuman MSCI|||https://www.cnbcindonesia.com/market/20260513125615-19-734698/video-bank-aladin-syariah-buka-suara-terkait-pengumuman-msci
436|Kena Hantam MSCI, IHSG Ambruk 1,81% Balik ke Level 6.700-an|||https://www.cnbcindonesia.com/market/20260513122739-17-734701/kena-hantam-msci-ihsg-ambruk-181-balik-ke-level-6700-an
437|Usai Pengumuman MSCI, OJK Janji Akan Banyak Emiten Berkualitas|||https://www.cnbcindonesia.com/market/20260513113103-17-734678/usai-pengumuman-msci-ojk-janji-akan-banyak-emiten-berkualitas
438|BI dan Bareskrim Cs Musnahkan 466.535 Lembar Uang Palsu di 2017-2025|||https://www.cnbcindonesia.com/market/20260513112818-17-734663/bi-dan-bareskrim-cs-musnahkan-466535-lembar-uang-palsu-di-2017-2025
439|Respons Pengumuman MSCI, OJK Tegas Lakukan Langkah Ini|||https://www.cnbcindonesia.com/market/20260513112208-17-734659/respons-pengumuman-msci-ojk-tegas-lakukan-langkah-ini
440|Video: IHSG Terkapar Efek MSCI & Perang, Dolar AS Tembus Rp 17.530|||https://www.cnbcindonesia.com/market/20260513104814-19-734634/video-ihsg-terkapar-efek-msci-perang-dolar-as-tembus-rp-17530
441|Pasokan Terganggu, Harga Minyak Tembus US$107|||https://www.cnbcindonesia.com/market/20260513094414-17-734616/pasokan-terganggu-harga-minyak-tembus-us-107
442|Peredaran Uang Palsu Turun, BI: Rupiah Makin Sulit Dipalsukan!|||https://www.cnbcindonesia.com/market/20260513100957-17-734622/peredaran-uang-palsu-turun-bi-rupiah-makin-sulit-dipalsukan
443|Video:MSCI Umumkan Hasil Tinjauan Berkala, 6 Saham Didepak dari Daftar|||https://www.cnbcindonesia.com/market/20260513085117-19-734590/videomsci-umumkan-hasil-tinjauan-berkala-6-saham-didepak-dari-daftar
444|6 Didepak, Ini Daftar Saham RI yang Masih Bertahan di MSCI|||https://www.cnbcindonesia.com/market/20260513094015-17-734612/6-didepak-ini-daftar-saham-ri-yang-masih-bertahan-di-msci
445|Bareskrim: Rasio Peredaran Uang Palsu Rupiah Turun di April 2026|||https://www.cnbcindonesia.com/market/20260513094743-17-734617/bareskrim-rasio-peredaran-uang-palsu-rupiah-turun-di-april-2026
446|Video: Jelang Rilis Rebalancing Indeks MSCI, Asing Lepas Saham RI|||https://www.cnbcindonesia.com/market/20260513084531-19-734580/video-jelang-rilis-rebalancing-indeks-msci-asing-lepas-saham-ri
447|Tarik Uang di ATM Gagal Tapi Saldo Berkurang, Begini Solusinya|||https://www.cnbcindonesia.com/market/20260513085830-17-734597/tarik-uang-di-atm-gagal-tapi-saldo-berkurang-begini-solusinya
448|Skor Kredit Jelek? Begini Cara Bersihkan Nama di SLIK OJK|||https://www.cnbcindonesia.com/market/20260513081607-17-734567/skor-kredit-jelek-begini-cara-bersihkan-nama-di-slik-ojk
449|Efek MSCI! Saham-Saham Ini Jadi Penyebab IHSG Terkapar|||https://www.cnbcindonesia.com/market/20260513091231-17-734609/efek-msci-saham-saham-ini-jadi-penyebab-ihsg-terkapar
450|Video: Rupiah Kalah Lawan Dolar AS, Kembali ke Level Rp 17.500|||https://www.cnbcindonesia.com/market/20260513091333-19-734606/video-rupiah-kalah-lawan-dolar-as-kembali-ke-level-rp-17500
451|Video: IHSG Dibuka Melemah 1,5% & Merosot ke Level 6.700-an|||https://www.cnbcindonesia.com/market/20260513090722-19-734602/video-ihsg-dibuka-melemah-15-merosot-ke-level-6700-an
452|Saham-Saham yang Ditendang MSCI Kompak Anjlok, TPIA & CUAN Terparah|||https://www.cnbcindonesia.com/market/20260513090736-17-734603/saham-saham-yang-ditendang-msci-kompak-anjlok-tpia-cuan-terparah
453|Breaking News! Efek MSCI, Dolar AS Kembali Tembus Rp17.500|||https://www.cnbcindonesia.com/market/20260513083447-17-734576/breaking-news-efek-msci-dolar-as-kembali-tembus-rp17500
454|Breaking News! IHSG Dibuka Ambruk 1,4%|||https://www.cnbcindonesia.com/market/20260513084744-17-734588/breaking-news-ihsg-dibuka-ambruk-14
455|MSCI Jadi Sorotan, Cek Rekomendasi Saham Ini Buat Cari Cuan|||https://www.cnbcindonesia.com/market/20260513082439-17-734569/msci-jadi-sorotan-cek-rekomendasi-saham-ini-buat-cari-cuan
456|Bursa Asia Merah Berjamaah, Investor Pantau Iran dan Inflasi AS|||https://www.cnbcindonesia.com/market/20260513080402-17-734565/bursa-asia-merah-berjamaah-investor-pantau-iran-dan-inflasi-as
457|Misi Penyelamatan Rupiah Purbaya Dimulai Hari Ini, Begini Skenarionya!|||https://www.cnbcindonesia.com/market/20260513073740-17-734551/misi-penyelamatan-rupiah-purbaya-dimulai-hari-ini-begini-skenarionya
458|Efek MSCI Belum Usai, Pasar Dibayangi Outflow Rp 31 T Akhir Mei|||https://www.cnbcindonesia.com/market/20260513071844-17-734559/efek-msci-belum-usai-pasar-dibayangi-outflow-rp-31-t-akhir-mei
459|Asing Diam-Diam Borong Saham Energi-Telekomunikasi, Ini Daftarnya|||https://www.cnbcindonesia.com/market/20260512203215-17-734521/asing-diam-diam-borong-saham-energi-telekomunikasi-ini-daftarnya
460|Transaksi Asing Sepi, Deretan Saham Ini Kena Net Sell Besar|||https://www.cnbcindonesia.com/market/20260512201919-17-734520/transaksi-asing-sepi-deretan-saham-ini-kena-net-sell-besar
461|Indonesia Bertahan di Emerging Markets Indeks MSCI|||https://www.cnbcindonesia.com/market/20260513064134-17-734545/indonesia-bertahan-di-emerging-markets-indeks-msci
462|Hasil Lengkap MSCI! 18 Saham RI Dicoret dari Indeks, Ini Daftarnya|||https://www.cnbcindonesia.com/market/20260513055758-17-734536/hasil-lengkap-msci-18-saham-ri-dicoret-dari-indeks-ini-daftarnya
463|Legenda Barcelona Ketahuan Insider Trading, Didenda Segini|||https://www.cnbcindonesia.com/market/20260512172901-17-734487/legenda-barcelona-ketahuan-insider-trading-didenda-segini
464|Ada Peran BUMN di Pertumbuhan Ekonomi 5,61%, Ini Buktinya|||https://www.cnbcindonesia.com/market/20260512200425-17-734518/ada-peran-bumn-di-pertumbuhan-ekonomi-561-ini-buktinya
465|GOTO Umumkan Rencana Buyback Saham Rp3,5 Triliun|||https://www.cnbcindonesia.com/market/20260512172523-17-734485/goto-umumkan-rencana-buyback-saham-rp35-triliun
466|MDLA Tetapkan 45% Laba di 2025 Sebagai Dividen, Investor Dapat Segini!|||https://www.cnbcindonesia.com/market/20260512181504-17-734497/mdla-tetapkan-45-laba-di-2025-sebagai-dividen-investor-dapat-segini
467|Jumlah Nasabah Emas BSI (BRIS) Tembus 1 Juta Meski Harga Fluktuatif|||https://www.cnbcindonesia.com/market/20260512155834-17-734451/jumlah-nasabah-emas-bsi--bris--tembus-1-juta-meski-harga-fluktuatif
468|Saudi Aramco Beri Peringatan Stok BBM Global Menuju Level Kritis|||https://www.cnbcindonesia.com/market/20260512160639-17-734453/saudi-aramco-beri-peringatan-stok-bbm-global-menuju-level-kritis
469|BSI (BRIS) Persiapkan Layanan QRIS di Arab Saudi|||https://www.cnbcindonesia.com/market/20260512152833-17-734436/bsi--bris--persiapkan-layanan-qris-di-arab-saudi
470|Purbaya Siap Jelaskan Pelemahan Rupiah ke DPR|||https://www.cnbcindonesia.com/market/20260512162909-17-734457/purbaya-siap-jelaskan-pelemahan-rupiah-ke-dpr
471|Investor Tunggu Kepastian MSCI, IHSG Melemah 0,68% ke 6.858|||https://www.cnbcindonesia.com/market/20260512161324-17-734455/investor-tunggu-kepastian-msci-ihsg-melemah-068-ke-6858
472|Calon Dirut Bursa Jalani Fit & Proper Hari Ini, Intip 4 Namanya|||https://www.cnbcindonesia.com/market/20260512152552-17-734435/calon-dirut-bursa-jalani-fit-proper-hari-ini-intip-4-namanya
473|Rupiah Terlemah Sepanjang Masa, Dolar AS Kini Tembus Rp17.490|||https://www.cnbcindonesia.com/market/20260512145117-17-734423/rupiah-terlemah-sepanjang-masa-dolar-as-kini-tembus-rp17490
474|IHSG Goyang Karena MSCI? Danantara Sebut Ada Faktor Lain|||https://www.cnbcindonesia.com/market/20260512134518-17-734403/ihsg-goyang-karena-msci-danantara-sebut-ada-faktor-lain
475|Breaking News! IHSG Lanjut Koreksi, Anjlok 2% di Sesi 2|||https://www.cnbcindonesia.com/market/20260512140331-17-734405/breaking-news-ihsg-lanjut-koreksi-anjlok-2-di-sesi-2
476|RI Kini Punya Kalkulator Hijau Jilid II, Bisa Hitung Emisi Karbon Cs|||https://www.cnbcindonesia.com/market/20260512133624-17-734397/ri-kini-punya-kalkulator-hijau-jilid-ii-bisa-hitung-emisi-karbon-cs
477|Jelang MSCI, Saham Ini Dibuang Asing di Sesi 1|||https://www.cnbcindonesia.com/market/20260512130908-17-734395/jelang-msci-saham-ini-dibuang-asing-di-sesi-1
478|Video: Kabar Ini Bikin IHSG Anjlok Lebih 1% & Rupiah ke Rp 17.500/USD|||https://www.cnbcindonesia.com/market/20260512131036-19-734391/video-kabar-ini-bikin-ihsg-anjlok-lebih-1-rupiah-ke-rp-17500-usd
479|IHSG Anjlok Lagi 1,43% Tertekan Kinerja Emiten Teknologi Ini|||https://www.cnbcindonesia.com/market/20260512123524-17-734374/ihsg-anjlok-lagi-143-tertekan-kinerja-emiten-teknologi-ini
480|WIKA Rombak Manajemen, Angkat I Ketut Pasek Senjaya Putra Jadi Dirut|||https://www.cnbcindonesia.com/market/20260512120609-17-734362/wika-rombak-manajemen-angkat-i-ketut-pasek-senjaya-putra-jadi-dirut
481|Dolar Rp17.500, Purbaya Ungkap Efek Tak Terduga ke APBN|||https://www.cnbcindonesia.com/market/20260512114004-17-734349/dolar-rp17500-purbaya-ungkap-efek-tak-terduga-ke-apbn
482|Lakukan Penipuan, Satgas PASTI Hentikan Usaha Magento|||https://www.cnbcindonesia.com/market/20260512092352-17-734273/lakukan-penipuan-satgas-pasti-hentikan-usaha-magento
483|Video: Ketahanan Energi, Emiten Perkapalan Angkut LPG Impor-Ekspor LNG|||https://www.cnbcindonesia.com/market/20260512104646-19-734316/video-ketahanan-energi-emiten-perkapalan-angkut-lpg-impor-ekspor-lng
484|Dolar Tembus Rp 17.500, Purbaya Mulai Bantu BI Jaga Rupiah Besok|||https://www.cnbcindonesia.com/market/20260512112553-17-734331/dolar-tembus-rp-17500-purbaya-mulai-bantu-bi-jaga-rupiah-besok
485|Video: Pengumuman MSCI Hingga IHSG Ambles & Dolar AS Tembus Rp 17.500|||https://www.cnbcindonesia.com/market/20260512110738-19-734324/video-pengumuman-msci-hingga-ihsg-ambles-dolar-as-tembus-rp-17500
486|Video: OJK Dukung Demutualisasi BEI, Proses Masih Dibahas Pemerintah|||https://www.cnbcindonesia.com/market/20260512081929-19-734243/video-ojk-dukung-demutualisasi-bei-proses-masih-dibahas-pemerintah
487|Naik 17%, Laba BSI (BRIS) Tembus Rp2,2 T di Kuartal I-2026|||https://www.cnbcindonesia.com/market/20260512104356-17-734308/naik-17-laba-bsi--bris--tembus-rp22-t-di-kuartal-i-2026
488|BEI Buka Suara Soal Dugaan Fraud Laporan Keuangan Telkom (TLKM)|||https://www.cnbcindonesia.com/market/20260512095502-17-734291/bei-buka-suara-soal-dugaan-fraud-laporan-keuangan-telkom--tlkm-
489|Video: BEI Sebut Reformasi Pasar Modal Butuh Waktu Dibuktikan|||https://www.cnbcindonesia.com/market/20260512081656-19-734239/video-bei-sebut-reformasi-pasar-modal-butuh-waktu-dibuktikan
490|Damai AS VS Iran Terancam Gagal, Harga Minyak Tembus US$105|||https://www.cnbcindonesia.com/market/20260512093310-17-734276/damai-as-vs-iran-terancam-gagal-harga-minyak-tembus-us-105
491|Video: Perusahaan Waste to Energy Danantara Akan IPO pada 2028|||https://www.cnbcindonesia.com/market/20260512081325-19-734238/video-perusahaan-waste-to-energy-danantara-akan-ipo-pada-2028
492|NIlai Tukar Rupiah Rekor Terendah, Ada Bank Jual Dolar Nyaris Rp17.700|||https://www.cnbcindonesia.com/market/20260512100628-17-734294/nilai-tukar-rupiah-rekor-terendah-ada-bank-jual-dolar-nyaris-rp17700
493|Harga Anjlok 60,83%, Saham BREN Prajogo Dipantau Ketat BEI|||https://www.cnbcindonesia.com/market/20260512091458-17-734270/harga-anjlok-6083-saham-bren-prajogo-dipantau-ketat-bei
494|Video: OJK Prediksi Tak Ada Penambahan Saham RI di Rebalancing MSCI|||https://www.cnbcindonesia.com/market/20260512081845-19-734241/video-ojk-prediksi-tak-ada-penambahan-saham-ri-di-rebalancing-msci
495|Hati-Hati! BEI Pantau Ketat 4 Saham Ini Gara-Gara Bergerak Tak Wajar|||https://www.cnbcindonesia.com/market/20260512093349-17-734278/hati-hati-bei-pantau-ketat-4-saham-ini-gara-gara-bergerak-tak-wajar
496|Perkuat Fundamental, Telkom Bukukan Kinerja Resilience pada 2025|||https://www.cnbcindonesia.com/market/20260512091510-17-734277/perkuat-fundamental-telkom-bukukan-kinerja-resilience-pada-2025
497|Video: MSCI Siap Umumkan Rebalancing Indeks, Danantara Tak Khawatir|||https://www.cnbcindonesia.com/market/20260512081742-19-734240/video-msci-siap-umumkan-rebalancing-indeks-danantara-tak-khawatir
498|6 Crazy Rich RI Ini Punya Bisnis Rumah Sakit|||https://www.cnbcindonesia.com/market/20260512090226-17-734267/6-crazy-rich-ri-ini-punya-bisnis-rumah-sakit
499|Video: Terlemah Sepanjang Sejarah! Rupiah Tembus Rp 17.500 per USD|||https://www.cnbcindonesia.com/market/20260512093214-19-734275/video-terlemah-sepanjang-sejarah-rupiah-tembus-rp-17500-per-usd
500|Penyebab IHSG Tiba-Tiba Jatuh 1% Setelah Dibuka Naik 1%|||https://www.cnbcindonesia.com/market/20260512093108-17-734274/penyebab-ihsg-tiba-tiba-jatuh-1-setelah-dibuka-naik-1
